original_zip,resolved_geo_id,suggested_keyword,avg_monthly_searches,competition_level,competition_index,low_bid_usd,high_bid_usd,avg_bid_usd
56303,2840,best ant control,8100,HIGH,100,16.55,119.68,68.12
21601,2840,best ant control,8100,HIGH,100,16.55,119.68,68.12
7601,2840,best ant control,8100,HIGH,100,16.55,119.68,68.12
7310,2840,best ant control,8100,HIGH,100,16.55,119.68,68.12
46107,2840,best ant control,8100,HIGH,100,16.55,119.68,68.12
7094,2840,best ant control,8100,HIGH,100,16.55,119.68,68.12
46307,2840,best ant control,8100,HIGH,100,16.55,119.68,68.12
53406,2840,best ant control,8100,HIGH,100,16.55,119.68,68.12
37013,2840,best ant control,8100,HIGH,100,16.55,119.68,68.12
37129,2840,best ant control,8100,HIGH,100,16.55,119.68,68.12
56303,2840,the exterminators,3600,LOW,0,0,0,0
21601,2840,the exterminators,3600,LOW,0,0,0,0
7601,2840,the exterminators,3600,LOW,0,0,0,0
7310,2840,the exterminators,3600,LOW,0,0,0,0
46107,2840,the exterminators,3600,LOW,0,0,0,0
7094,2840,the exterminators,3600,LOW,0,0,0,0
46307,2840,the exterminators,3600,LOW,0,0,0,0
53406,2840,the exterminators,3600,LOW,0,0,0,0
37013,2840,the exterminators,3600,LOW,0,0,0,0
37129,2840,the exterminators,3600,LOW,0,0,0,0
56303,2840,bed bug inspection company,1900,LOW,14,0,0,0
21601,2840,bed bug inspection company,1900,LOW,14,0,0,0
7601,2840,bed bug inspection company,1900,LOW,14,0,0,0
7310,2840,bed bug inspection company,1900,LOW,14,0,0,0
46107,2840,bed bug inspection company,1900,LOW,14,0,0,0
7094,2840,bed bug inspection company,1900,LOW,14,0,0,0
46307,2840,bed bug inspection company,1900,LOW,14,0,0,0
53406,2840,bed bug inspection company,1900,LOW,14,0,0,0
37013,2840,bed bug inspection company,1900,LOW,14,0,0,0
37129,2840,bed bug inspection company,1900,LOW,14,0,0,0
56303,2840,termites outside,480,LOW,1,0,0,0
21601,2840,termites outside,480,LOW,1,0,0,0
7601,2840,termites outside,480,LOW,1,0,0,0
7310,2840,termites outside,480,LOW,1,0,0,0
46107,2840,termites outside,480,LOW,1,0,0,0
7094,2840,termites outside,480,LOW,1,0,0,0
46307,2840,termites outside,480,LOW,1,0,0,0
53406,2840,termites outside,480,LOW,1,0,0,0
37013,2840,termites outside,480,LOW,1,0,0,0
37129,2840,termites outside,480,LOW,1,0,0,0
56303,2840,termite kiosk,390,LOW,1,0,0,0
56303,2840,termites in firewood,390,LOW,2,0,0,0
21601,2840,termite kiosk,390,LOW,1,0,0,0
21601,2840,termites in firewood,390,LOW,2,0,0,0
7601,2840,termite kiosk,390,LOW,1,0,0,0
7601,2840,termites in firewood,390,LOW,2,0,0,0
7310,2840,termite kiosk,390,LOW,1,0,0,0
7310,2840,termites in firewood,390,LOW,2,0,0,0
46107,2840,termite kiosk,390,LOW,1,0,0,0
46107,2840,termites in firewood,390,LOW,2,0,0,0
7094,2840,termite kiosk,390,LOW,1,0,0,0
7094,2840,termites in firewood,390,LOW,2,0,0,0
46307,2840,termite kiosk,390,LOW,1,0,0,0
46307,2840,termites in firewood,390,LOW,2,0,0,0
53406,2840,termite kiosk,390,LOW,1,0,0,0
53406,2840,termites in firewood,390,LOW,2,0,0,0
37013,2840,termite kiosk,390,LOW,1,0,0,0
37013,2840,termites in firewood,390,LOW,2,0,0,0
37129,2840,termite kiosk,390,LOW,1,0,0,0
37129,2840,termites in firewood,390,LOW,2,0,0,0
56303,2840,pacific dampwood termite,320,LOW,4,0,0,0
21601,2840,pacific dampwood termite,320,LOW,4,0,0,0
7601,2840,pacific dampwood termite,320,LOW,4,0,0,0
7310,2840,pacific dampwood termite,320,LOW,4,0,0,0
46107,2840,pacific dampwood termite,320,LOW,4,0,0,0
7094,2840,pacific dampwood termite,320,LOW,4,0,0,0
46307,2840,pacific dampwood termite,320,LOW,4,0,0,0
53406,2840,pacific dampwood termite,320,LOW,4,0,0,0
37013,2840,pacific dampwood termite,320,LOW,4,0,0,0
37129,2840,pacific dampwood termite,320,LOW,4,0,0,0
56303,2840,spectracide terminate termite,260,HIGH,68,0,0,0
21601,2840,spectracide terminate termite,260,HIGH,68,0,0,0
7601,2840,spectracide terminate termite,260,HIGH,68,0,0,0
7310,2840,spectracide terminate termite,260,HIGH,68,0,0,0
46107,2840,spectracide terminate termite,260,HIGH,68,0,0,0
7094,2840,spectracide terminate termite,260,HIGH,68,0,0,0
46307,2840,spectracide terminate termite,260,HIGH,68,0,0,0
53406,2840,spectracide terminate termite,260,HIGH,68,0,0,0
37013,2840,spectracide terminate termite,260,HIGH,68,0,0,0
37129,2840,spectracide terminate termite,260,HIGH,68,0,0,0
56303,2840,lawn tick control near me,210,LOW,0,0,0,0
21601,2840,lawn tick control near me,210,LOW,0,0,0,0
7601,2840,lawn tick control near me,210,LOW,0,0,0,0
7310,2840,lawn tick control near me,210,LOW,0,0,0,0
46107,2840,lawn tick control near me,210,LOW,0,0,0,0
7094,2840,lawn tick control near me,210,LOW,0,0,0,0
46307,2840,lawn tick control near me,210,LOW,0,0,0,0
53406,2840,lawn tick control near me,210,LOW,0,0,0,0
37013,2840,lawn tick control near me,210,LOW,0,0,0,0
37129,2840,lawn tick control near me,210,LOW,0,0,0,0
56303,2840,bed bugs control services near me,170,LOW,9,0,0,0
56303,2840,perimeter pest control near me,170,MEDIUM,49,0,0,0
56303,2840,a termite,170,LOW,3,0,0,0
56303,2840,termites in garden soil,170,MEDIUM,58,0,0,0
21601,2840,bed bugs control services near me,170,LOW,9,0,0,0
21601,2840,perimeter pest control near me,170,MEDIUM,49,0,0,0
21601,2840,a termite,170,LOW,3,0,0,0
21601,2840,termites in garden soil,170,MEDIUM,58,0,0,0
7601,2840,bed bugs control services near me,170,LOW,9,0,0,0
7601,2840,perimeter pest control near me,170,MEDIUM,49,0,0,0
7601,2840,a termite,170,LOW,3,0,0,0
7601,2840,termites in garden soil,170,MEDIUM,58,0,0,0
7310,2840,bed bugs control services near me,170,LOW,9,0,0,0
7310,2840,perimeter pest control near me,170,MEDIUM,49,0,0,0
7310,2840,a termite,170,LOW,3,0,0,0
7310,2840,termites in garden soil,170,MEDIUM,58,0,0,0
46107,2840,bed bugs control services near me,170,LOW,9,0,0,0
46107,2840,perimeter pest control near me,170,MEDIUM,49,0,0,0
46107,2840,a termite,170,LOW,3,0,0,0
46107,2840,termites in garden soil,170,MEDIUM,58,0,0,0
7094,2840,bed bugs control services near me,170,LOW,9,0,0,0
7094,2840,perimeter pest control near me,170,MEDIUM,49,0,0,0
7094,2840,a termite,170,LOW,3,0,0,0
7094,2840,termites in garden soil,170,MEDIUM,58,0,0,0
46307,2840,bed bugs control services near me,170,LOW,9,0,0,0
46307,2840,perimeter pest control near me,170,MEDIUM,49,0,0,0
46307,2840,a termite,170,LOW,3,0,0,0
46307,2840,termites in garden soil,170,MEDIUM,58,0,0,0
53406,2840,bed bugs control services near me,170,LOW,9,0,0,0
53406,2840,perimeter pest control near me,170,MEDIUM,49,0,0,0
53406,2840,a termite,170,LOW,3,0,0,0
53406,2840,termites in garden soil,170,MEDIUM,58,0,0,0
37013,2840,bed bugs control services near me,170,LOW,9,0,0,0
37013,2840,perimeter pest control near me,170,MEDIUM,49,0,0,0
37013,2840,a termite,170,LOW,3,0,0,0
37013,2840,termites in garden soil,170,MEDIUM,58,0,0,0
37129,2840,bed bugs control services near me,170,LOW,9,0,0,0
37129,2840,perimeter pest control near me,170,MEDIUM,49,0,0,0
37129,2840,a termite,170,LOW,3,0,0,0
37129,2840,termites in garden soil,170,MEDIUM,58,0,0,0
56303,2840,mosquito plants near me,140,HIGH,100,13.3,110.96,62.13
21601,2840,mosquito plants near me,140,HIGH,100,13.3,110.96,62.13
7601,2840,mosquito plants near me,140,HIGH,100,13.3,110.96,62.13
7310,2840,mosquito plants near me,140,HIGH,100,13.3,110.96,62.13
46107,2840,mosquito plants near me,140,HIGH,100,13.3,110.96,62.13
7094,2840,mosquito plants near me,140,HIGH,100,13.3,110.96,62.13
46307,2840,mosquito plants near me,140,HIGH,100,13.3,110.96,62.13
53406,2840,mosquito plants near me,140,HIGH,100,13.3,110.96,62.13
37013,2840,mosquito plants near me,140,HIGH,100,13.3,110.96,62.13
37129,2840,mosquito plants near me,140,HIGH,100,13.3,110.96,62.13
56303,2840,asian termites,140,LOW,1,0,0,0
21601,2840,asian termites,140,LOW,1,0,0,0
7601,2840,asian termites,140,LOW,1,0,0,0
7310,2840,asian termites,140,LOW,1,0,0,0
46107,2840,asian termites,140,LOW,1,0,0,0
7094,2840,asian termites,140,LOW,1,0,0,0
46307,2840,asian termites,140,LOW,1,0,0,0
53406,2840,asian termites,140,LOW,1,0,0,0
37013,2840,asian termites,140,LOW,1,0,0,0
37129,2840,asian termites,140,LOW,1,0,0,0
56303,2840,local termite control companies,110,MEDIUM,34,0,0,0
56303,2840,active termites,110,LOW,6,0,0,0
56303,2840,advanced termite and home inspections,110,LOW,5,0,0,0
56303,2840,termite png,110,LOW,0,0,0,0
56303,2840,termites reddit,110,LOW,2,0,0,0
21601,2840,local termite control companies,110,MEDIUM,34,0,0,0
21601,2840,active termites,110,LOW,6,0,0,0
21601,2840,advanced termite and home inspections,110,LOW,5,0,0,0
21601,2840,termite png,110,LOW,0,0,0,0
21601,2840,termites reddit,110,LOW,2,0,0,0
7601,2840,local termite control companies,110,MEDIUM,34,0,0,0
7601,2840,active termites,110,LOW,6,0,0,0
7601,2840,advanced termite and home inspections,110,LOW,5,0,0,0
7601,2840,termite png,110,LOW,0,0,0,0
7601,2840,termites reddit,110,LOW,2,0,0,0
7310,2840,local termite control companies,110,MEDIUM,34,0,0,0
7310,2840,active termites,110,LOW,6,0,0,0
7310,2840,advanced termite and home inspections,110,LOW,5,0,0,0
7310,2840,termite png,110,LOW,0,0,0,0
7310,2840,termites reddit,110,LOW,2,0,0,0
46107,2840,local termite control companies,110,MEDIUM,34,0,0,0
46107,2840,active termites,110,LOW,6,0,0,0
46107,2840,advanced termite and home inspections,110,LOW,5,0,0,0
46107,2840,termite png,110,LOW,0,0,0,0
46107,2840,termites reddit,110,LOW,2,0,0,0
7094,2840,local termite control companies,110,MEDIUM,34,0,0,0
7094,2840,active termites,110,LOW,6,0,0,0
7094,2840,advanced termite and home inspections,110,LOW,5,0,0,0
7094,2840,termite png,110,LOW,0,0,0,0
7094,2840,termites reddit,110,LOW,2,0,0,0
46307,2840,local termite control companies,110,MEDIUM,34,0,0,0
46307,2840,active termites,110,LOW,6,0,0,0
46307,2840,advanced termite and home inspections,110,LOW,5,0,0,0
46307,2840,termite png,110,LOW,0,0,0,0
46307,2840,termites reddit,110,LOW,2,0,0,0
53406,2840,local termite control companies,110,MEDIUM,34,0,0,0
53406,2840,active termites,110,LOW,6,0,0,0
53406,2840,advanced termite and home inspections,110,LOW,5,0,0,0
53406,2840,termite png,110,LOW,0,0,0,0
53406,2840,termites reddit,110,LOW,2,0,0,0
37013,2840,local termite control companies,110,MEDIUM,34,0,0,0
37013,2840,active termites,110,LOW,6,0,0,0
37013,2840,advanced termite and home inspections,110,LOW,5,0,0,0
37013,2840,termite png,110,LOW,0,0,0,0
37013,2840,termites reddit,110,LOW,2,0,0,0
37129,2840,local termite control companies,110,MEDIUM,34,0,0,0
37129,2840,active termites,110,LOW,6,0,0,0
37129,2840,advanced termite and home inspections,110,LOW,5,0,0,0
37129,2840,termite png,110,LOW,0,0,0,0
37129,2840,termites reddit,110,LOW,2,0,0,0
56303,2840,white ants pest control,90,LOW,20,0,0,0
56303,2840,tick control companies near me,90,LOW,18,0,0,0
56303,2840,residential mosquito control near me,90,HIGH,86,0,0,0
56303,2840,subterranean termite treatment near me,90,HIGH,98,0,0,0
56303,2840,mechanical pest control,90,LOW,8,0,0,0
56303,2840,white ants control,90,MEDIUM,43,0,0,0
21601,2840,white ants pest control,90,LOW,20,0,0,0
21601,2840,tick control companies near me,90,LOW,18,0,0,0
21601,2840,residential mosquito control near me,90,HIGH,86,0,0,0
21601,2840,subterranean termite treatment near me,90,HIGH,98,0,0,0
21601,2840,mechanical pest control,90,LOW,8,0,0,0
21601,2840,white ants control,90,MEDIUM,43,0,0,0
7601,2840,white ants pest control,90,LOW,20,0,0,0
7601,2840,tick control companies near me,90,LOW,18,0,0,0
7601,2840,residential mosquito control near me,90,HIGH,86,0,0,0
7601,2840,subterranean termite treatment near me,90,HIGH,98,0,0,0
7601,2840,mechanical pest control,90,LOW,8,0,0,0
7601,2840,white ants control,90,MEDIUM,43,0,0,0
7310,2840,white ants pest control,90,LOW,20,0,0,0
7310,2840,tick control companies near me,90,LOW,18,0,0,0
7310,2840,residential mosquito control near me,90,HIGH,86,0,0,0
7310,2840,subterranean termite treatment near me,90,HIGH,98,0,0,0
7310,2840,mechanical pest control,90,LOW,8,0,0,0
7310,2840,white ants control,90,MEDIUM,43,0,0,0
46107,2840,white ants pest control,90,LOW,20,0,0,0
46107,2840,tick control companies near me,90,LOW,18,0,0,0
46107,2840,residential mosquito control near me,90,HIGH,86,0,0,0
46107,2840,subterranean termite treatment near me,90,HIGH,98,0,0,0
46107,2840,mechanical pest control,90,LOW,8,0,0,0
46107,2840,white ants control,90,MEDIUM,43,0,0,0
7094,2840,white ants pest control,90,LOW,20,0,0,0
7094,2840,tick control companies near me,90,LOW,18,0,0,0
7094,2840,residential mosquito control near me,90,HIGH,86,0,0,0
7094,2840,subterranean termite treatment near me,90,HIGH,98,0,0,0
7094,2840,mechanical pest control,90,LOW,8,0,0,0
7094,2840,white ants control,90,MEDIUM,43,0,0,0
46307,2840,white ants pest control,90,LOW,20,0,0,0
46307,2840,tick control companies near me,90,LOW,18,0,0,0
46307,2840,residential mosquito control near me,90,HIGH,86,0,0,0
46307,2840,subterranean termite treatment near me,90,HIGH,98,0,0,0
46307,2840,mechanical pest control,90,LOW,8,0,0,0
46307,2840,white ants control,90,MEDIUM,43,0,0,0
53406,2840,white ants pest control,90,LOW,20,0,0,0
53406,2840,tick control companies near me,90,LOW,18,0,0,0
53406,2840,residential mosquito control near me,90,HIGH,86,0,0,0
53406,2840,subterranean termite treatment near me,90,HIGH,98,0,0,0
53406,2840,mechanical pest control,90,LOW,8,0,0,0
53406,2840,white ants control,90,MEDIUM,43,0,0,0
37013,2840,white ants pest control,90,LOW,20,0,0,0
37013,2840,tick control companies near me,90,LOW,18,0,0,0
37013,2840,residential mosquito control near me,90,HIGH,86,0,0,0
37013,2840,subterranean termite treatment near me,90,HIGH,98,0,0,0
37013,2840,mechanical pest control,90,LOW,8,0,0,0
37013,2840,white ants control,90,MEDIUM,43,0,0,0
37129,2840,white ants pest control,90,LOW,20,0,0,0
37129,2840,tick control companies near me,90,LOW,18,0,0,0
37129,2840,residential mosquito control near me,90,HIGH,86,0,0,0
37129,2840,subterranean termite treatment near me,90,HIGH,98,0,0,0
37129,2840,mechanical pest control,90,LOW,8,0,0,0
37129,2840,white ants control,90,MEDIUM,43,0,0,0
56303,2840,mosquito and tick control services near me,70,MEDIUM,48,0,0,0
56303,2840,bug out service near me,70,LOW,31,0,0,0
56303,2840,commercial mosquito control near me,70,LOW,0,0,0,0
56303,2840,target termite and pest control,70,LOW,3,0,0,0
56303,2840,bug house near me,70,LOW,22,0,0,0
56303,2840,west indian drywood termite,70,LOW,1,0,0,0
21601,2840,mosquito and tick control services near me,70,MEDIUM,48,0,0,0
21601,2840,bug out service near me,70,LOW,31,0,0,0
21601,2840,commercial mosquito control near me,70,LOW,0,0,0,0
21601,2840,target termite and pest control,70,LOW,3,0,0,0
21601,2840,bug house near me,70,LOW,22,0,0,0
21601,2840,west indian drywood termite,70,LOW,1,0,0,0
7601,2840,mosquito and tick control services near me,70,MEDIUM,48,0,0,0
7601,2840,bug out service near me,70,LOW,31,0,0,0
7601,2840,commercial mosquito control near me,70,LOW,0,0,0,0
7601,2840,target termite and pest control,70,LOW,3,0,0,0
7601,2840,bug house near me,70,LOW,22,0,0,0
7601,2840,west indian drywood termite,70,LOW,1,0,0,0
7310,2840,mosquito and tick control services near me,70,MEDIUM,48,0,0,0
7310,2840,bug out service near me,70,LOW,31,0,0,0
7310,2840,commercial mosquito control near me,70,LOW,0,0,0,0
7310,2840,target termite and pest control,70,LOW,3,0,0,0
7310,2840,bug house near me,70,LOW,22,0,0,0
7310,2840,west indian drywood termite,70,LOW,1,0,0,0
46107,2840,mosquito and tick control services near me,70,MEDIUM,48,0,0,0
46107,2840,bug out service near me,70,LOW,31,0,0,0
46107,2840,commercial mosquito control near me,70,LOW,0,0,0,0
46107,2840,target termite and pest control,70,LOW,3,0,0,0
46107,2840,bug house near me,70,LOW,22,0,0,0
46107,2840,west indian drywood termite,70,LOW,1,0,0,0
7094,2840,mosquito and tick control services near me,70,MEDIUM,48,0,0,0
7094,2840,bug out service near me,70,LOW,31,0,0,0
7094,2840,commercial mosquito control near me,70,LOW,0,0,0,0
7094,2840,target termite and pest control,70,LOW,3,0,0,0
7094,2840,bug house near me,70,LOW,22,0,0,0
7094,2840,west indian drywood termite,70,LOW,1,0,0,0
46307,2840,mosquito and tick control services near me,70,MEDIUM,48,0,0,0
46307,2840,bug out service near me,70,LOW,31,0,0,0
46307,2840,commercial mosquito control near me,70,LOW,0,0,0,0
46307,2840,target termite and pest control,70,LOW,3,0,0,0
46307,2840,bug house near me,70,LOW,22,0,0,0
46307,2840,west indian drywood termite,70,LOW,1,0,0,0
53406,2840,mosquito and tick control services near me,70,MEDIUM,48,0,0,0
53406,2840,bug out service near me,70,LOW,31,0,0,0
53406,2840,commercial mosquito control near me,70,LOW,0,0,0,0
53406,2840,target termite and pest control,70,LOW,3,0,0,0
53406,2840,bug house near me,70,LOW,22,0,0,0
53406,2840,west indian drywood termite,70,LOW,1,0,0,0
37013,2840,mosquito and tick control services near me,70,MEDIUM,48,0,0,0
37013,2840,bug out service near me,70,LOW,31,0,0,0
37013,2840,commercial mosquito control near me,70,LOW,0,0,0,0
37013,2840,target termite and pest control,70,LOW,3,0,0,0
37013,2840,bug house near me,70,LOW,22,0,0,0
37013,2840,west indian drywood termite,70,LOW,1,0,0,0
37129,2840,mosquito and tick control services near me,70,MEDIUM,48,0,0,0
37129,2840,bug out service near me,70,LOW,31,0,0,0
37129,2840,commercial mosquito control near me,70,LOW,0,0,0,0
37129,2840,target termite and pest control,70,LOW,3,0,0,0
37129,2840,bug house near me,70,LOW,22,0,0,0
37129,2840,west indian drywood termite,70,LOW,1,0,0,0
56303,2840,dynatrap near me,50,HIGH,89,24.28,92.94,58.61
21601,2840,dynatrap near me,50,HIGH,89,24.28,92.94,58.61
7601,2840,dynatrap near me,50,HIGH,89,24.28,92.94,58.61
7310,2840,dynatrap near me,50,HIGH,89,24.28,92.94,58.61
46107,2840,dynatrap near me,50,HIGH,89,24.28,92.94,58.61
7094,2840,dynatrap near me,50,HIGH,89,24.28,92.94,58.61
46307,2840,dynatrap near me,50,HIGH,89,24.28,92.94,58.61
53406,2840,dynatrap near me,50,HIGH,89,24.28,92.94,58.61
37013,2840,dynatrap near me,50,HIGH,89,24.28,92.94,58.61
37129,2840,dynatrap near me,50,HIGH,89,24.28,92.94,58.61
56303,2840,termite pest control service near me,50,HIGH,74,0,0,0
56303,2840,terminix termite & pest control,50,LOW,10,0,0,0
56303,2840,premier pest control near me,50,MEDIUM,48,0,0,0
56303,2840,pest control experts near me,50,LOW,22,0,0,0
56303,2840,pest control union,50,MEDIUM,41,0,0,0
56303,2840,pest control and fumigation services,50,HIGH,100,0,0,0
56303,2840,top 100 pest control companies,50,LOW,30,0,0,0
56303,2840,termites flying around house,50,LOW,17,0,0,0
56303,2840,home mosquito control near me,50,LOW,12,0,0,0
56303,2840,pacific coast termite near me,50,LOW,14,0,0,0
56303,2840,reddit termites,50,LOW,1,0,0,0
56303,2840,termite white ant,50,LOW,16,0,0,0
21601,2840,termite pest control service near me,50,HIGH,74,0,0,0
21601,2840,terminix termite & pest control,50,LOW,10,0,0,0
21601,2840,premier pest control near me,50,MEDIUM,48,0,0,0
21601,2840,pest control experts near me,50,LOW,22,0,0,0
21601,2840,pest control union,50,MEDIUM,41,0,0,0
21601,2840,pest control and fumigation services,50,HIGH,100,0,0,0
21601,2840,top 100 pest control companies,50,LOW,30,0,0,0
21601,2840,termites flying around house,50,LOW,17,0,0,0
21601,2840,home mosquito control near me,50,LOW,12,0,0,0
21601,2840,pacific coast termite near me,50,LOW,14,0,0,0
21601,2840,reddit termites,50,LOW,1,0,0,0
21601,2840,termite white ant,50,LOW,16,0,0,0
7601,2840,termite pest control service near me,50,HIGH,74,0,0,0
7601,2840,terminix termite & pest control,50,LOW,10,0,0,0
7601,2840,premier pest control near me,50,MEDIUM,48,0,0,0
7601,2840,pest control experts near me,50,LOW,22,0,0,0
7601,2840,pest control union,50,MEDIUM,41,0,0,0
7601,2840,pest control and fumigation services,50,HIGH,100,0,0,0
7601,2840,top 100 pest control companies,50,LOW,30,0,0,0
7601,2840,termites flying around house,50,LOW,17,0,0,0
7601,2840,home mosquito control near me,50,LOW,12,0,0,0
7601,2840,pacific coast termite near me,50,LOW,14,0,0,0
7601,2840,reddit termites,50,LOW,1,0,0,0
7601,2840,termite white ant,50,LOW,16,0,0,0
7310,2840,termite pest control service near me,50,HIGH,74,0,0,0
7310,2840,terminix termite & pest control,50,LOW,10,0,0,0
7310,2840,premier pest control near me,50,MEDIUM,48,0,0,0
7310,2840,pest control experts near me,50,LOW,22,0,0,0
7310,2840,pest control union,50,MEDIUM,41,0,0,0
7310,2840,pest control and fumigation services,50,HIGH,100,0,0,0
7310,2840,top 100 pest control companies,50,LOW,30,0,0,0
7310,2840,termites flying around house,50,LOW,17,0,0,0
7310,2840,home mosquito control near me,50,LOW,12,0,0,0
7310,2840,pacific coast termite near me,50,LOW,14,0,0,0
7310,2840,reddit termites,50,LOW,1,0,0,0
7310,2840,termite white ant,50,LOW,16,0,0,0
46107,2840,termite pest control service near me,50,HIGH,74,0,0,0
46107,2840,terminix termite & pest control,50,LOW,10,0,0,0
46107,2840,premier pest control near me,50,MEDIUM,48,0,0,0
46107,2840,pest control experts near me,50,LOW,22,0,0,0
46107,2840,pest control union,50,MEDIUM,41,0,0,0
46107,2840,pest control and fumigation services,50,HIGH,100,0,0,0
46107,2840,top 100 pest control companies,50,LOW,30,0,0,0
46107,2840,termites flying around house,50,LOW,17,0,0,0
46107,2840,home mosquito control near me,50,LOW,12,0,0,0
46107,2840,pacific coast termite near me,50,LOW,14,0,0,0
46107,2840,reddit termites,50,LOW,1,0,0,0
46107,2840,termite white ant,50,LOW,16,0,0,0
7094,2840,termite pest control service near me,50,HIGH,74,0,0,0
7094,2840,terminix termite & pest control,50,LOW,10,0,0,0
7094,2840,premier pest control near me,50,MEDIUM,48,0,0,0
7094,2840,pest control experts near me,50,LOW,22,0,0,0
7094,2840,pest control union,50,MEDIUM,41,0,0,0
7094,2840,pest control and fumigation services,50,HIGH,100,0,0,0
7094,2840,top 100 pest control companies,50,LOW,30,0,0,0
7094,2840,termites flying around house,50,LOW,17,0,0,0
7094,2840,home mosquito control near me,50,LOW,12,0,0,0
7094,2840,pacific coast termite near me,50,LOW,14,0,0,0
7094,2840,reddit termites,50,LOW,1,0,0,0
7094,2840,termite white ant,50,LOW,16,0,0,0
46307,2840,termite pest control service near me,50,HIGH,74,0,0,0
46307,2840,terminix termite & pest control,50,LOW,10,0,0,0
46307,2840,premier pest control near me,50,MEDIUM,48,0,0,0
46307,2840,pest control experts near me,50,LOW,22,0,0,0
46307,2840,pest control union,50,MEDIUM,41,0,0,0
46307,2840,pest control and fumigation services,50,HIGH,100,0,0,0
46307,2840,top 100 pest control companies,50,LOW,30,0,0,0
46307,2840,termites flying around house,50,LOW,17,0,0,0
46307,2840,home mosquito control near me,50,LOW,12,0,0,0
46307,2840,pacific coast termite near me,50,LOW,14,0,0,0
46307,2840,reddit termites,50,LOW,1,0,0,0
46307,2840,termite white ant,50,LOW,16,0,0,0
53406,2840,termite pest control service near me,50,HIGH,74,0,0,0
53406,2840,terminix termite & pest control,50,LOW,10,0,0,0
53406,2840,premier pest control near me,50,MEDIUM,48,0,0,0
53406,2840,pest control experts near me,50,LOW,22,0,0,0
53406,2840,pest control union,50,MEDIUM,41,0,0,0
53406,2840,pest control and fumigation services,50,HIGH,100,0,0,0
53406,2840,top 100 pest control companies,50,LOW,30,0,0,0
53406,2840,termites flying around house,50,LOW,17,0,0,0
53406,2840,home mosquito control near me,50,LOW,12,0,0,0
53406,2840,pacific coast termite near me,50,LOW,14,0,0,0
53406,2840,reddit termites,50,LOW,1,0,0,0
53406,2840,termite white ant,50,LOW,16,0,0,0
37013,2840,termite pest control service near me,50,HIGH,74,0,0,0
37013,2840,terminix termite & pest control,50,LOW,10,0,0,0
37013,2840,premier pest control near me,50,MEDIUM,48,0,0,0
37013,2840,pest control experts near me,50,LOW,22,0,0,0
37013,2840,pest control union,50,MEDIUM,41,0,0,0
37013,2840,pest control and fumigation services,50,HIGH,100,0,0,0
37013,2840,top 100 pest control companies,50,LOW,30,0,0,0
37013,2840,termites flying around house,50,LOW,17,0,0,0
37013,2840,home mosquito control near me,50,LOW,12,0,0,0
37013,2840,pacific coast termite near me,50,LOW,14,0,0,0
37013,2840,reddit termites,50,LOW,1,0,0,0
37013,2840,termite white ant,50,LOW,16,0,0,0
37129,2840,termite pest control service near me,50,HIGH,74,0,0,0
37129,2840,terminix termite & pest control,50,LOW,10,0,0,0
37129,2840,premier pest control near me,50,MEDIUM,48,0,0,0
37129,2840,pest control experts near me,50,LOW,22,0,0,0
37129,2840,pest control union,50,MEDIUM,41,0,0,0
37129,2840,pest control and fumigation services,50,HIGH,100,0,0,0
37129,2840,top 100 pest control companies,50,LOW,30,0,0,0
37129,2840,termites flying around house,50,LOW,17,0,0,0
37129,2840,home mosquito control near me,50,LOW,12,0,0,0
37129,2840,pacific coast termite near me,50,LOW,14,0,0,0
37129,2840,reddit termites,50,LOW,1,0,0,0
37129,2840,termite white ant,50,LOW,16,0,0,0
56303,2840,woodpecker removal services near me,40,HIGH,90,0,0,0
56303,2840,allstate pest control near me,40,LOW,3,0,0,0
56303,2840,top rated pest control services near me,40,LOW,19,0,0,0
56303,2840,house with termites,40,LOW,9,0,0,0
56303,2840,surrender fire ant killer near me,40,HIGH,98,0,0,0
21601,2840,woodpecker removal services near me,40,HIGH,90,0,0,0
21601,2840,allstate pest control near me,40,LOW,3,0,0,0
21601,2840,top rated pest control services near me,40,LOW,19,0,0,0
21601,2840,house with termites,40,LOW,9,0,0,0
21601,2840,surrender fire ant killer near me,40,HIGH,98,0,0,0
7601,2840,woodpecker removal services near me,40,HIGH,90,0,0,0
7601,2840,allstate pest control near me,40,LOW,3,0,0,0
7601,2840,top rated pest control services near me,40,LOW,19,0,0,0
7601,2840,house with termites,40,LOW,9,0,0,0
7601,2840,surrender fire ant killer near me,40,HIGH,98,0,0,0
7310,2840,woodpecker removal services near me,40,HIGH,90,0,0,0
7310,2840,allstate pest control near me,40,LOW,3,0,0,0
7310,2840,top rated pest control services near me,40,LOW,19,0,0,0
7310,2840,house with termites,40,LOW,9,0,0,0
7310,2840,surrender fire ant killer near me,40,HIGH,98,0,0,0
46107,2840,woodpecker removal services near me,40,HIGH,90,0,0,0
46107,2840,allstate pest control near me,40,LOW,3,0,0,0
46107,2840,top rated pest control services near me,40,LOW,19,0,0,0
46107,2840,house with termites,40,LOW,9,0,0,0
46107,2840,surrender fire ant killer near me,40,HIGH,98,0,0,0
7094,2840,woodpecker removal services near me,40,HIGH,90,0,0,0
7094,2840,allstate pest control near me,40,LOW,3,0,0,0
7094,2840,top rated pest control services near me,40,LOW,19,0,0,0
7094,2840,house with termites,40,LOW,9,0,0,0
7094,2840,surrender fire ant killer near me,40,HIGH,98,0,0,0
46307,2840,woodpecker removal services near me,40,HIGH,90,0,0,0
46307,2840,allstate pest control near me,40,LOW,3,0,0,0
46307,2840,top rated pest control services near me,40,LOW,19,0,0,0
46307,2840,house with termites,40,LOW,9,0,0,0
46307,2840,surrender fire ant killer near me,40,HIGH,98,0,0,0
53406,2840,woodpecker removal services near me,40,HIGH,90,0,0,0
53406,2840,allstate pest control near me,40,LOW,3,0,0,0
53406,2840,top rated pest control services near me,40,LOW,19,0,0,0
53406,2840,house with termites,40,LOW,9,0,0,0
53406,2840,surrender fire ant killer near me,40,HIGH,98,0,0,0
37013,2840,woodpecker removal services near me,40,HIGH,90,0,0,0
37013,2840,allstate pest control near me,40,LOW,3,0,0,0
37013,2840,top rated pest control services near me,40,LOW,19,0,0,0
37013,2840,house with termites,40,LOW,9,0,0,0
37013,2840,surrender fire ant killer near me,40,HIGH,98,0,0,0
37129,2840,woodpecker removal services near me,40,HIGH,90,0,0,0
37129,2840,allstate pest control near me,40,LOW,3,0,0,0
37129,2840,top rated pest control services near me,40,LOW,19,0,0,0
37129,2840,house with termites,40,LOW,9,0,0,0
37129,2840,surrender fire ant killer near me,40,HIGH,98,0,0,0
56303,2840,tick lawn treatment near me,30,MEDIUM,43,0,0,0
56303,2840,tick control for yard near me,30,HIGH,82,0,0,0
56303,2840,pestech near me,30,LOW,25,0,0,0
56303,2840,havard pest control near me,30,LOW,25,0,0,0
56303,2840,carpenter bee control near me,30,HIGH,92,0,0,0
56303,2840,bifen xts for termites,30,HIGH,78,0,0,0
56303,2840,get rid of flying termites,30,HIGH,95,0,0,0
56303,2840,no termite,30,LOW,11,0,0,0
56303,2840,white termites in house,30,MEDIUM,42,0,0,0
56303,2840,sylo insecticide near me,30,HIGH,99,0,0,0
56303,2840,stink bug killer near me,30,HIGH,86,0,0,0
56303,2840,bed bug infestations near me,30,LOW,11,0,0,0
21601,2840,tick lawn treatment near me,30,MEDIUM,43,0,0,0
21601,2840,tick control for yard near me,30,HIGH,82,0,0,0
21601,2840,pestech near me,30,LOW,25,0,0,0
21601,2840,havard pest control near me,30,LOW,25,0,0,0
21601,2840,carpenter bee control near me,30,HIGH,92,0,0,0
21601,2840,bifen xts for termites,30,HIGH,78,0,0,0
21601,2840,get rid of flying termites,30,HIGH,95,0,0,0
21601,2840,no termite,30,LOW,11,0,0,0
21601,2840,white termites in house,30,MEDIUM,42,0,0,0
21601,2840,sylo insecticide near me,30,HIGH,99,0,0,0
21601,2840,stink bug killer near me,30,HIGH,86,0,0,0
21601,2840,bed bug infestations near me,30,LOW,11,0,0,0
7601,2840,tick lawn treatment near me,30,MEDIUM,43,0,0,0
7601,2840,tick control for yard near me,30,HIGH,82,0,0,0
7601,2840,pestech near me,30,LOW,25,0,0,0
7601,2840,havard pest control near me,30,LOW,25,0,0,0
7601,2840,carpenter bee control near me,30,HIGH,92,0,0,0
7601,2840,bifen xts for termites,30,HIGH,78,0,0,0
7601,2840,get rid of flying termites,30,HIGH,95,0,0,0
7601,2840,no termite,30,LOW,11,0,0,0
7601,2840,white termites in house,30,MEDIUM,42,0,0,0
7601,2840,sylo insecticide near me,30,HIGH,99,0,0,0
7601,2840,stink bug killer near me,30,HIGH,86,0,0,0
7601,2840,bed bug infestations near me,30,LOW,11,0,0,0
7310,2840,tick lawn treatment near me,30,MEDIUM,43,0,0,0
7310,2840,tick control for yard near me,30,HIGH,82,0,0,0
7310,2840,pestech near me,30,LOW,25,0,0,0
7310,2840,havard pest control near me,30,LOW,25,0,0,0
7310,2840,carpenter bee control near me,30,HIGH,92,0,0,0
7310,2840,bifen xts for termites,30,HIGH,78,0,0,0
7310,2840,get rid of flying termites,30,HIGH,95,0,0,0
7310,2840,no termite,30,LOW,11,0,0,0
7310,2840,white termites in house,30,MEDIUM,42,0,0,0
7310,2840,sylo insecticide near me,30,HIGH,99,0,0,0
7310,2840,stink bug killer near me,30,HIGH,86,0,0,0
7310,2840,bed bug infestations near me,30,LOW,11,0,0,0
46107,2840,tick lawn treatment near me,30,MEDIUM,43,0,0,0
46107,2840,tick control for yard near me,30,HIGH,82,0,0,0
46107,2840,pestech near me,30,LOW,25,0,0,0
46107,2840,havard pest control near me,30,LOW,25,0,0,0
46107,2840,carpenter bee control near me,30,HIGH,92,0,0,0
46107,2840,bifen xts for termites,30,HIGH,78,0,0,0
46107,2840,get rid of flying termites,30,HIGH,95,0,0,0
46107,2840,no termite,30,LOW,11,0,0,0
46107,2840,white termites in house,30,MEDIUM,42,0,0,0
46107,2840,sylo insecticide near me,30,HIGH,99,0,0,0
46107,2840,stink bug killer near me,30,HIGH,86,0,0,0
46107,2840,bed bug infestations near me,30,LOW,11,0,0,0
7094,2840,tick lawn treatment near me,30,MEDIUM,43,0,0,0
7094,2840,tick control for yard near me,30,HIGH,82,0,0,0
7094,2840,pestech near me,30,LOW,25,0,0,0
7094,2840,havard pest control near me,30,LOW,25,0,0,0
7094,2840,carpenter bee control near me,30,HIGH,92,0,0,0
7094,2840,bifen xts for termites,30,HIGH,78,0,0,0
7094,2840,get rid of flying termites,30,HIGH,95,0,0,0
7094,2840,no termite,30,LOW,11,0,0,0
7094,2840,white termites in house,30,MEDIUM,42,0,0,0
7094,2840,sylo insecticide near me,30,HIGH,99,0,0,0
7094,2840,stink bug killer near me,30,HIGH,86,0,0,0
7094,2840,bed bug infestations near me,30,LOW,11,0,0,0
46307,2840,tick lawn treatment near me,30,MEDIUM,43,0,0,0
46307,2840,tick control for yard near me,30,HIGH,82,0,0,0
46307,2840,pestech near me,30,LOW,25,0,0,0
46307,2840,havard pest control near me,30,LOW,25,0,0,0
46307,2840,carpenter bee control near me,30,HIGH,92,0,0,0
46307,2840,bifen xts for termites,30,HIGH,78,0,0,0
46307,2840,get rid of flying termites,30,HIGH,95,0,0,0
46307,2840,no termite,30,LOW,11,0,0,0
46307,2840,white termites in house,30,MEDIUM,42,0,0,0
46307,2840,sylo insecticide near me,30,HIGH,99,0,0,0
46307,2840,stink bug killer near me,30,HIGH,86,0,0,0
46307,2840,bed bug infestations near me,30,LOW,11,0,0,0
53406,2840,tick lawn treatment near me,30,MEDIUM,43,0,0,0
53406,2840,tick control for yard near me,30,HIGH,82,0,0,0
53406,2840,pestech near me,30,LOW,25,0,0,0
53406,2840,havard pest control near me,30,LOW,25,0,0,0
53406,2840,carpenter bee control near me,30,HIGH,92,0,0,0
53406,2840,bifen xts for termites,30,HIGH,78,0,0,0
53406,2840,get rid of flying termites,30,HIGH,95,0,0,0
53406,2840,no termite,30,LOW,11,0,0,0
53406,2840,white termites in house,30,MEDIUM,42,0,0,0
53406,2840,sylo insecticide near me,30,HIGH,99,0,0,0
53406,2840,stink bug killer near me,30,HIGH,86,0,0,0
53406,2840,bed bug infestations near me,30,LOW,11,0,0,0
37013,2840,tick lawn treatment near me,30,MEDIUM,43,0,0,0
37013,2840,tick control for yard near me,30,HIGH,82,0,0,0
37013,2840,pestech near me,30,LOW,25,0,0,0
37013,2840,havard pest control near me,30,LOW,25,0,0,0
37013,2840,carpenter bee control near me,30,HIGH,92,0,0,0
37013,2840,bifen xts for termites,30,HIGH,78,0,0,0
37013,2840,get rid of flying termites,30,HIGH,95,0,0,0
37013,2840,no termite,30,LOW,11,0,0,0
37013,2840,white termites in house,30,MEDIUM,42,0,0,0
37013,2840,sylo insecticide near me,30,HIGH,99,0,0,0
37013,2840,stink bug killer near me,30,HIGH,86,0,0,0
37013,2840,bed bug infestations near me,30,LOW,11,0,0,0
37129,2840,tick lawn treatment near me,30,MEDIUM,43,0,0,0
37129,2840,tick control for yard near me,30,HIGH,82,0,0,0
37129,2840,pestech near me,30,LOW,25,0,0,0
37129,2840,havard pest control near me,30,LOW,25,0,0,0
37129,2840,carpenter bee control near me,30,HIGH,92,0,0,0
37129,2840,bifen xts for termites,30,HIGH,78,0,0,0
37129,2840,get rid of flying termites,30,HIGH,95,0,0,0
37129,2840,no termite,30,LOW,11,0,0,0
37129,2840,white termites in house,30,MEDIUM,42,0,0,0
37129,2840,sylo insecticide near me,30,HIGH,99,0,0,0
37129,2840,stink bug killer near me,30,HIGH,86,0,0,0
37129,2840,bed bug infestations near me,30,LOW,11,0,0,0
56303,2840,24 hour rat exterminator near me,20,HIGH,79,0,0,0
56303,2840,purcor near me,20,MEDIUM,43,0,0,0
56303,2840,bed bug exterminator prices near me,20,MEDIUM,55,0,0,0
56303,2840,termite treatment services near me,20,HIGH,100,0,0,0
56303,2840,flea and tick yard treatment near me,20,HIGH,74,0,0,0
56303,2840,lizard removal service near me,20,LOW,5,0,0,0
56303,2840,outdoor pest control services near me,20,HIGH,100,0,0,0
56303,2840,best termite tenting companies near me,20,HIGH,94,0,0,0
56303,2840,heat treatment for termites near me,20,HIGH,98,0,0,0
56303,2840,all year pest solutions,20,UNKNOWN,0,0,0,0
56303,2840,pest control outside only,20,HIGH,74,0,0,0
56303,2840,termite control cost near me,20,MEDIUM,47,0,0,0
56303,2840,jc ehrlich near me,20,HIGH,69,0,0,0
56303,2840,exterra termite,20,HIGH,79,0,0,0
56303,2840,bug master near me,20,LOW,19,0,0,0
56303,2840,heron pest control near me,20,LOW,9,0,0,0
56303,2840,global pest control services,20,HIGH,86,0,0,0
56303,2840,termite prevention treatment near me,20,HIGH,97,0,0,0
56303,2840,termite pest control in my area,20,HIGH,79,0,0,0
56303,2840,aruza pest control near me,20,MEDIUM,50,0,0,0
56303,2840,empire pest control near me,20,MEDIUM,51,0,0,0
56303,2840,pest x near me,20,LOW,26,0,0,0
56303,2840,termite stakes popped up,20,MEDIUM,34,0,0,0
56303,2840,mosquito beater near me,20,HIGH,99,0,0,0
56303,2840,termite control insecticide,20,HIGH,86,0,0,0
56303,2840,barrier pest control near me,20,LOW,28,0,0,0
56303,2840,bonide systemic insect control near me,20,HIGH,100,0,0,0
56303,2840,martin's surrender fire ant killer near me,20,HIGH,96,0,0,0
56303,2840,reclaim it insecticide near me,20,HIGH,98,0,0,0
21601,2840,24 hour rat exterminator near me,20,HIGH,79,0,0,0
21601,2840,purcor near me,20,MEDIUM,43,0,0,0
21601,2840,bed bug exterminator prices near me,20,MEDIUM,55,0,0,0
21601,2840,termite treatment services near me,20,HIGH,100,0,0,0
21601,2840,flea and tick yard treatment near me,20,HIGH,74,0,0,0
21601,2840,lizard removal service near me,20,LOW,5,0,0,0
21601,2840,outdoor pest control services near me,20,HIGH,100,0,0,0
21601,2840,best termite tenting companies near me,20,HIGH,94,0,0,0
21601,2840,heat treatment for termites near me,20,HIGH,98,0,0,0
21601,2840,all year pest solutions,20,UNKNOWN,0,0,0,0
21601,2840,pest control outside only,20,HIGH,74,0,0,0
21601,2840,termite control cost near me,20,MEDIUM,47,0,0,0
21601,2840,jc ehrlich near me,20,HIGH,69,0,0,0
21601,2840,exterra termite,20,HIGH,79,0,0,0
21601,2840,bug master near me,20,LOW,19,0,0,0
21601,2840,heron pest control near me,20,LOW,9,0,0,0
21601,2840,global pest control services,20,HIGH,86,0,0,0
21601,2840,termite prevention treatment near me,20,HIGH,97,0,0,0
21601,2840,termite pest control in my area,20,HIGH,79,0,0,0
21601,2840,aruza pest control near me,20,MEDIUM,50,0,0,0
21601,2840,empire pest control near me,20,MEDIUM,51,0,0,0
21601,2840,pest x near me,20,LOW,26,0,0,0
21601,2840,termite stakes popped up,20,MEDIUM,34,0,0,0
21601,2840,mosquito beater near me,20,HIGH,99,0,0,0
21601,2840,termite control insecticide,20,HIGH,86,0,0,0
21601,2840,barrier pest control near me,20,LOW,28,0,0,0
21601,2840,bonide systemic insect control near me,20,HIGH,100,0,0,0
21601,2840,martin's surrender fire ant killer near me,20,HIGH,96,0,0,0
21601,2840,reclaim it insecticide near me,20,HIGH,98,0,0,0
7601,2840,24 hour rat exterminator near me,20,HIGH,79,0,0,0
7601,2840,purcor near me,20,MEDIUM,43,0,0,0
7601,2840,bed bug exterminator prices near me,20,MEDIUM,55,0,0,0
7601,2840,termite treatment services near me,20,HIGH,100,0,0,0
7601,2840,flea and tick yard treatment near me,20,HIGH,74,0,0,0
7601,2840,lizard removal service near me,20,LOW,5,0,0,0
7601,2840,outdoor pest control services near me,20,HIGH,100,0,0,0
7601,2840,best termite tenting companies near me,20,HIGH,94,0,0,0
7601,2840,heat treatment for termites near me,20,HIGH,98,0,0,0
7601,2840,all year pest solutions,20,UNKNOWN,0,0,0,0
7601,2840,pest control outside only,20,HIGH,74,0,0,0
7601,2840,termite control cost near me,20,MEDIUM,47,0,0,0
7601,2840,jc ehrlich near me,20,HIGH,69,0,0,0
7601,2840,exterra termite,20,HIGH,79,0,0,0
7601,2840,bug master near me,20,LOW,19,0,0,0
7601,2840,heron pest control near me,20,LOW,9,0,0,0
7601,2840,global pest control services,20,HIGH,86,0,0,0
7601,2840,termite prevention treatment near me,20,HIGH,97,0,0,0
7601,2840,termite pest control in my area,20,HIGH,79,0,0,0
7601,2840,aruza pest control near me,20,MEDIUM,50,0,0,0
7601,2840,empire pest control near me,20,MEDIUM,51,0,0,0
7601,2840,pest x near me,20,LOW,26,0,0,0
7601,2840,termite stakes popped up,20,MEDIUM,34,0,0,0
7601,2840,mosquito beater near me,20,HIGH,99,0,0,0
7601,2840,termite control insecticide,20,HIGH,86,0,0,0
7601,2840,barrier pest control near me,20,LOW,28,0,0,0
7601,2840,bonide systemic insect control near me,20,HIGH,100,0,0,0
7601,2840,martin's surrender fire ant killer near me,20,HIGH,96,0,0,0
7601,2840,reclaim it insecticide near me,20,HIGH,98,0,0,0
7310,2840,24 hour rat exterminator near me,20,HIGH,79,0,0,0
7310,2840,purcor near me,20,MEDIUM,43,0,0,0
7310,2840,bed bug exterminator prices near me,20,MEDIUM,55,0,0,0
7310,2840,termite treatment services near me,20,HIGH,100,0,0,0
7310,2840,flea and tick yard treatment near me,20,HIGH,74,0,0,0
7310,2840,lizard removal service near me,20,LOW,5,0,0,0
7310,2840,outdoor pest control services near me,20,HIGH,100,0,0,0
7310,2840,best termite tenting companies near me,20,HIGH,94,0,0,0
7310,2840,heat treatment for termites near me,20,HIGH,98,0,0,0
7310,2840,all year pest solutions,20,UNKNOWN,0,0,0,0
7310,2840,pest control outside only,20,HIGH,74,0,0,0
7310,2840,termite control cost near me,20,MEDIUM,47,0,0,0
7310,2840,jc ehrlich near me,20,HIGH,69,0,0,0
7310,2840,exterra termite,20,HIGH,79,0,0,0
7310,2840,bug master near me,20,LOW,19,0,0,0
7310,2840,heron pest control near me,20,LOW,9,0,0,0
7310,2840,global pest control services,20,HIGH,86,0,0,0
7310,2840,termite prevention treatment near me,20,HIGH,97,0,0,0
7310,2840,termite pest control in my area,20,HIGH,79,0,0,0
7310,2840,aruza pest control near me,20,MEDIUM,50,0,0,0
7310,2840,empire pest control near me,20,MEDIUM,51,0,0,0
7310,2840,pest x near me,20,LOW,26,0,0,0
7310,2840,termite stakes popped up,20,MEDIUM,34,0,0,0
7310,2840,mosquito beater near me,20,HIGH,99,0,0,0
7310,2840,termite control insecticide,20,HIGH,86,0,0,0
7310,2840,barrier pest control near me,20,LOW,28,0,0,0
7310,2840,bonide systemic insect control near me,20,HIGH,100,0,0,0
7310,2840,martin's surrender fire ant killer near me,20,HIGH,96,0,0,0
7310,2840,reclaim it insecticide near me,20,HIGH,98,0,0,0
46107,2840,24 hour rat exterminator near me,20,HIGH,79,0,0,0
46107,2840,purcor near me,20,MEDIUM,43,0,0,0
46107,2840,bed bug exterminator prices near me,20,MEDIUM,55,0,0,0
46107,2840,termite treatment services near me,20,HIGH,100,0,0,0
46107,2840,flea and tick yard treatment near me,20,HIGH,74,0,0,0
46107,2840,lizard removal service near me,20,LOW,5,0,0,0
46107,2840,outdoor pest control services near me,20,HIGH,100,0,0,0
46107,2840,best termite tenting companies near me,20,HIGH,94,0,0,0
46107,2840,heat treatment for termites near me,20,HIGH,98,0,0,0
46107,2840,all year pest solutions,20,UNKNOWN,0,0,0,0
46107,2840,pest control outside only,20,HIGH,74,0,0,0
46107,2840,termite control cost near me,20,MEDIUM,47,0,0,0
46107,2840,jc ehrlich near me,20,HIGH,69,0,0,0
46107,2840,exterra termite,20,HIGH,79,0,0,0
46107,2840,bug master near me,20,LOW,19,0,0,0
46107,2840,heron pest control near me,20,LOW,9,0,0,0
46107,2840,global pest control services,20,HIGH,86,0,0,0
46107,2840,termite prevention treatment near me,20,HIGH,97,0,0,0
46107,2840,termite pest control in my area,20,HIGH,79,0,0,0
46107,2840,aruza pest control near me,20,MEDIUM,50,0,0,0
46107,2840,empire pest control near me,20,MEDIUM,51,0,0,0
46107,2840,pest x near me,20,LOW,26,0,0,0
46107,2840,termite stakes popped up,20,MEDIUM,34,0,0,0
46107,2840,mosquito beater near me,20,HIGH,99,0,0,0
46107,2840,termite control insecticide,20,HIGH,86,0,0,0
46107,2840,barrier pest control near me,20,LOW,28,0,0,0
46107,2840,bonide systemic insect control near me,20,HIGH,100,0,0,0
46107,2840,martin's surrender fire ant killer near me,20,HIGH,96,0,0,0
46107,2840,reclaim it insecticide near me,20,HIGH,98,0,0,0
7094,2840,24 hour rat exterminator near me,20,HIGH,79,0,0,0
7094,2840,purcor near me,20,MEDIUM,43,0,0,0
7094,2840,bed bug exterminator prices near me,20,MEDIUM,55,0,0,0
7094,2840,termite treatment services near me,20,HIGH,100,0,0,0
7094,2840,flea and tick yard treatment near me,20,HIGH,74,0,0,0
7094,2840,lizard removal service near me,20,LOW,5,0,0,0
7094,2840,outdoor pest control services near me,20,HIGH,100,0,0,0
7094,2840,best termite tenting companies near me,20,HIGH,94,0,0,0
7094,2840,heat treatment for termites near me,20,HIGH,98,0,0,0
7094,2840,all year pest solutions,20,UNKNOWN,0,0,0,0
7094,2840,pest control outside only,20,HIGH,74,0,0,0
7094,2840,termite control cost near me,20,MEDIUM,47,0,0,0
7094,2840,jc ehrlich near me,20,HIGH,69,0,0,0
7094,2840,exterra termite,20,HIGH,79,0,0,0
7094,2840,bug master near me,20,LOW,19,0,0,0
7094,2840,heron pest control near me,20,LOW,9,0,0,0
7094,2840,global pest control services,20,HIGH,86,0,0,0
7094,2840,termite prevention treatment near me,20,HIGH,97,0,0,0
7094,2840,termite pest control in my area,20,HIGH,79,0,0,0
7094,2840,aruza pest control near me,20,MEDIUM,50,0,0,0
7094,2840,empire pest control near me,20,MEDIUM,51,0,0,0
7094,2840,pest x near me,20,LOW,26,0,0,0
7094,2840,termite stakes popped up,20,MEDIUM,34,0,0,0
7094,2840,mosquito beater near me,20,HIGH,99,0,0,0
7094,2840,termite control insecticide,20,HIGH,86,0,0,0
7094,2840,barrier pest control near me,20,LOW,28,0,0,0
7094,2840,bonide systemic insect control near me,20,HIGH,100,0,0,0
7094,2840,martin's surrender fire ant killer near me,20,HIGH,96,0,0,0
7094,2840,reclaim it insecticide near me,20,HIGH,98,0,0,0
46307,2840,24 hour rat exterminator near me,20,HIGH,79,0,0,0
46307,2840,purcor near me,20,MEDIUM,43,0,0,0
46307,2840,bed bug exterminator prices near me,20,MEDIUM,55,0,0,0
46307,2840,termite treatment services near me,20,HIGH,100,0,0,0
46307,2840,flea and tick yard treatment near me,20,HIGH,74,0,0,0
46307,2840,lizard removal service near me,20,LOW,5,0,0,0
46307,2840,outdoor pest control services near me,20,HIGH,100,0,0,0
46307,2840,best termite tenting companies near me,20,HIGH,94,0,0,0
46307,2840,heat treatment for termites near me,20,HIGH,98,0,0,0
46307,2840,all year pest solutions,20,UNKNOWN,0,0,0,0
46307,2840,pest control outside only,20,HIGH,74,0,0,0
46307,2840,termite control cost near me,20,MEDIUM,47,0,0,0
46307,2840,jc ehrlich near me,20,HIGH,69,0,0,0
46307,2840,exterra termite,20,HIGH,79,0,0,0
46307,2840,bug master near me,20,LOW,19,0,0,0
46307,2840,heron pest control near me,20,LOW,9,0,0,0
46307,2840,global pest control services,20,HIGH,86,0,0,0
46307,2840,termite prevention treatment near me,20,HIGH,97,0,0,0
46307,2840,termite pest control in my area,20,HIGH,79,0,0,0
46307,2840,aruza pest control near me,20,MEDIUM,50,0,0,0
46307,2840,empire pest control near me,20,MEDIUM,51,0,0,0
46307,2840,pest x near me,20,LOW,26,0,0,0
46307,2840,termite stakes popped up,20,MEDIUM,34,0,0,0
46307,2840,mosquito beater near me,20,HIGH,99,0,0,0
46307,2840,termite control insecticide,20,HIGH,86,0,0,0
46307,2840,barrier pest control near me,20,LOW,28,0,0,0
46307,2840,bonide systemic insect control near me,20,HIGH,100,0,0,0
46307,2840,martin's surrender fire ant killer near me,20,HIGH,96,0,0,0
46307,2840,reclaim it insecticide near me,20,HIGH,98,0,0,0
53406,2840,24 hour rat exterminator near me,20,HIGH,79,0,0,0
53406,2840,purcor near me,20,MEDIUM,43,0,0,0
53406,2840,bed bug exterminator prices near me,20,MEDIUM,55,0,0,0
53406,2840,termite treatment services near me,20,HIGH,100,0,0,0
53406,2840,flea and tick yard treatment near me,20,HIGH,74,0,0,0
53406,2840,lizard removal service near me,20,LOW,5,0,0,0
53406,2840,outdoor pest control services near me,20,HIGH,100,0,0,0
53406,2840,best termite tenting companies near me,20,HIGH,94,0,0,0
53406,2840,heat treatment for termites near me,20,HIGH,98,0,0,0
53406,2840,all year pest solutions,20,UNKNOWN,0,0,0,0
53406,2840,pest control outside only,20,HIGH,74,0,0,0
53406,2840,termite control cost near me,20,MEDIUM,47,0,0,0
53406,2840,jc ehrlich near me,20,HIGH,69,0,0,0
53406,2840,exterra termite,20,HIGH,79,0,0,0
53406,2840,bug master near me,20,LOW,19,0,0,0
53406,2840,heron pest control near me,20,LOW,9,0,0,0
53406,2840,global pest control services,20,HIGH,86,0,0,0
53406,2840,termite prevention treatment near me,20,HIGH,97,0,0,0
53406,2840,termite pest control in my area,20,HIGH,79,0,0,0
53406,2840,aruza pest control near me,20,MEDIUM,50,0,0,0
53406,2840,empire pest control near me,20,MEDIUM,51,0,0,0
53406,2840,pest x near me,20,LOW,26,0,0,0
53406,2840,termite stakes popped up,20,MEDIUM,34,0,0,0
53406,2840,mosquito beater near me,20,HIGH,99,0,0,0
53406,2840,termite control insecticide,20,HIGH,86,0,0,0
53406,2840,barrier pest control near me,20,LOW,28,0,0,0
53406,2840,bonide systemic insect control near me,20,HIGH,100,0,0,0
53406,2840,martin's surrender fire ant killer near me,20,HIGH,96,0,0,0
53406,2840,reclaim it insecticide near me,20,HIGH,98,0,0,0
37013,2840,24 hour rat exterminator near me,20,HIGH,79,0,0,0
37013,2840,purcor near me,20,MEDIUM,43,0,0,0
37013,2840,bed bug exterminator prices near me,20,MEDIUM,55,0,0,0
37013,2840,termite treatment services near me,20,HIGH,100,0,0,0
37013,2840,flea and tick yard treatment near me,20,HIGH,74,0,0,0
37013,2840,lizard removal service near me,20,LOW,5,0,0,0
37013,2840,outdoor pest control services near me,20,HIGH,100,0,0,0
37013,2840,best termite tenting companies near me,20,HIGH,94,0,0,0
37013,2840,heat treatment for termites near me,20,HIGH,98,0,0,0
37013,2840,all year pest solutions,20,UNKNOWN,0,0,0,0
37013,2840,pest control outside only,20,HIGH,74,0,0,0
37013,2840,termite control cost near me,20,MEDIUM,47,0,0,0
37013,2840,jc ehrlich near me,20,HIGH,69,0,0,0
37013,2840,exterra termite,20,HIGH,79,0,0,0
37013,2840,bug master near me,20,LOW,19,0,0,0
37013,2840,heron pest control near me,20,LOW,9,0,0,0
37013,2840,global pest control services,20,HIGH,86,0,0,0
37013,2840,termite prevention treatment near me,20,HIGH,97,0,0,0
37013,2840,termite pest control in my area,20,HIGH,79,0,0,0
37013,2840,aruza pest control near me,20,MEDIUM,50,0,0,0
37013,2840,empire pest control near me,20,MEDIUM,51,0,0,0
37013,2840,pest x near me,20,LOW,26,0,0,0
37013,2840,termite stakes popped up,20,MEDIUM,34,0,0,0
37013,2840,mosquito beater near me,20,HIGH,99,0,0,0
37013,2840,termite control insecticide,20,HIGH,86,0,0,0
37013,2840,barrier pest control near me,20,LOW,28,0,0,0
37013,2840,bonide systemic insect control near me,20,HIGH,100,0,0,0
37013,2840,martin's surrender fire ant killer near me,20,HIGH,96,0,0,0
37013,2840,reclaim it insecticide near me,20,HIGH,98,0,0,0
37129,2840,24 hour rat exterminator near me,20,HIGH,79,0,0,0
37129,2840,purcor near me,20,MEDIUM,43,0,0,0
37129,2840,bed bug exterminator prices near me,20,MEDIUM,55,0,0,0
37129,2840,termite treatment services near me,20,HIGH,100,0,0,0
37129,2840,flea and tick yard treatment near me,20,HIGH,74,0,0,0
37129,2840,lizard removal service near me,20,LOW,5,0,0,0
37129,2840,outdoor pest control services near me,20,HIGH,100,0,0,0
37129,2840,best termite tenting companies near me,20,HIGH,94,0,0,0
37129,2840,heat treatment for termites near me,20,HIGH,98,0,0,0
37129,2840,all year pest solutions,20,UNKNOWN,0,0,0,0
37129,2840,pest control outside only,20,HIGH,74,0,0,0
37129,2840,termite control cost near me,20,MEDIUM,47,0,0,0
37129,2840,jc ehrlich near me,20,HIGH,69,0,0,0
37129,2840,exterra termite,20,HIGH,79,0,0,0
37129,2840,bug master near me,20,LOW,19,0,0,0
37129,2840,heron pest control near me,20,LOW,9,0,0,0
37129,2840,global pest control services,20,HIGH,86,0,0,0
37129,2840,termite prevention treatment near me,20,HIGH,97,0,0,0
37129,2840,termite pest control in my area,20,HIGH,79,0,0,0
37129,2840,aruza pest control near me,20,MEDIUM,50,0,0,0
37129,2840,empire pest control near me,20,MEDIUM,51,0,0,0
37129,2840,pest x near me,20,LOW,26,0,0,0
37129,2840,termite stakes popped up,20,MEDIUM,34,0,0,0
37129,2840,mosquito beater near me,20,HIGH,99,0,0,0
37129,2840,termite control insecticide,20,HIGH,86,0,0,0
37129,2840,barrier pest control near me,20,LOW,28,0,0,0
37129,2840,bonide systemic insect control near me,20,HIGH,100,0,0,0
37129,2840,martin's surrender fire ant killer near me,20,HIGH,96,0,0,0
37129,2840,reclaim it insecticide near me,20,HIGH,98,0,0,0
56303,2840,wondercide indoor pest control near me,10,HIGH,100,36.18,110.16,73.17
21601,2840,wondercide indoor pest control near me,10,HIGH,100,36.18,110.16,73.17
7601,2840,wondercide indoor pest control near me,10,HIGH,100,36.18,110.16,73.17
7310,2840,wondercide indoor pest control near me,10,HIGH,100,36.18,110.16,73.17
46107,2840,wondercide indoor pest control near me,10,HIGH,100,36.18,110.16,73.17
7094,2840,wondercide indoor pest control near me,10,HIGH,100,36.18,110.16,73.17
46307,2840,wondercide indoor pest control near me,10,HIGH,100,36.18,110.16,73.17
53406,2840,wondercide indoor pest control near me,10,HIGH,100,36.18,110.16,73.17
37013,2840,wondercide indoor pest control near me,10,HIGH,100,36.18,110.16,73.17
37129,2840,wondercide indoor pest control near me,10,HIGH,100,36.18,110.16,73.17
56303,2840,terminix pest & termite control,10,LOW,13,0,0,0
56303,2840,building and pest inspection near me,10,LOW,0,0,0,0
56303,2840,24 hour emergency pest control near me,10,HIGH,89,0,0,0
56303,2840,24 hour pest control services near me,10,HIGH,93,0,0,0
56303,2840,termite barrier cost,10,MEDIUM,38,0,0,0
56303,2840,hulett pest control near me,10,LOW,24,0,0,0
56303,2840,rat company near me,10,MEDIUM,43,0,0,0
56303,2840,bedbugs control services,10,MEDIUM,43,0,0,0
56303,2840,24 hour bed bug exterminator near me,10,HIGH,89,0,0,0
56303,2840,npma 33 pest inspection near me,10,HIGH,93,0,0,0
56303,2840,termite inspection central coast,10,LOW,31,0,0,0
56303,2840,rat trappers near me,10,HIGH,94,0,0,0
56303,2840,cheap mice exterminators near me,10,MEDIUM,62,0,0,0
56303,2840,flick termite,10,UNKNOWN,0,0,0,0
56303,2840,fantastic services pest control,10,MEDIUM,57,0,0,0
56303,2840,bug exterminator near me cost,10,HIGH,86,0,0,0
56303,2840,mosquito defense near me,10,HIGH,90,0,0,0
56303,2840,deemak control,10,UNKNOWN,0,0,0,0
56303,2840,eco friendly termite control near me,10,HIGH,95,0,0,0
56303,2840,pestban near me,10,LOW,7,0,0,0
56303,2840,exterminator near me 24 hours,10,HIGH,95,0,0,0
56303,2840,termite removal companies near me,10,HIGH,71,0,0,0
56303,2840,spectracide terminate termite killing stakes,10,MEDIUM,47,0,0,0
56303,2840,pest control for birds near me,10,HIGH,75,0,0,0
56303,2840,attic pest removal service near me,10,UNKNOWN,0,0,0,0
56303,2840,possum pest control near me,10,HIGH,80,0,0,0
56303,2840,critter exterminators near me,10,HIGH,90,0,0,0
56303,2840,local pest experts,10,LOW,21,0,0,0
56303,2840,white ant treatment near me,10,UNKNOWN,0,0,0,0
56303,2840,local bee exterminators in my area,10,MEDIUM,61,0,0,0
56303,2840,pest control pigeons near me,10,HIGH,86,0,0,0
56303,2840,termite protection barrier,10,HIGH,71,0,0,0
56303,2840,termite pest inspection near me,10,HIGH,93,0,0,0
56303,2840,best pest control near me for bed bugs,10,HIGH,100,0,0,0
56303,2840,carpet and pest control near me,10,UNKNOWN,0,0,0,0
56303,2840,nearest exterminator near me,10,UNKNOWN,0,0,0,0
56303,2840,orkin near me prices,10,UNKNOWN,0,0,0,0
56303,2840,pest control near by me,10,HIGH,100,0,0,0
56303,2840,anti termite treatment near me,10,UNKNOWN,0,0,0,0
56303,2840,critter trapper near me,10,HIGH,76,0,0,0
56303,2840,pest control birds near me,10,HIGH,100,0,0,0
56303,2840,roof rat control near me,10,HIGH,100,0,0,0
56303,2840,pest control near me for mosquitoes,10,HIGH,81,0,0,0
56303,2840,nearest pest control to me,10,HIGH,100,0,0,0
56303,2840,bark pest control,10,HIGH,88,0,0,0
56303,2840,cheap exterminator for roaches near me,10,HIGH,86,0,0,0
56303,2840,bug guys pest control near me,10,HIGH,71,0,0,0
56303,2840,pest control mosquito near me,10,HIGH,100,0,0,0
56303,2840,pest control near me for squirrels,10,UNKNOWN,0,0,0,0
56303,2840,rat killer service near me,10,HIGH,86,0,0,0
56303,2840,organic termite control near me,10,HIGH,86,0,0,0
56303,2840,lizard catcher near me,10,HIGH,86,0,0,0
56303,2840,best fumigation company,10,HIGH,95,0,0,0
56303,2840,house tenting for termites near me,10,HIGH,77,0,0,0
56303,2840,best pest control near me for rats,10,MEDIUM,52,0,0,0
56303,2840,cockroach pest control services near me,10,LOW,5,0,0,0
56303,2840,pest control natural near me,10,HIGH,81,0,0,0
56303,2840,building and pest inspections near me,10,UNKNOWN,0,0,0,0
56303,2840,pest control near me birds,10,HIGH,100,0,0,0
56303,2840,domestic pest control near me,10,HIGH,69,0,0,0
56303,2840,pest control charges near me,10,HIGH,83,0,0,0
56303,2840,termite pre treatment for new construction near me,10,HIGH,86,0,0,0
56303,2840,stink bug pest control near me,10,HIGH,89,0,0,0
56303,2840,cheap fumigation near me,10,HIGH,100,0,0,0
56303,2840,tick and mosquito treatment near me,10,HIGH,83,0,0,0
56303,2840,local pest control companies in my area,10,MEDIUM,56,0,0,0
56303,2840,termite solutions pest control,10,HIGH,68,0,0,0
56303,2840,wasp company near me,10,MEDIUM,64,0,0,0
56303,2840,mice fumigation near me,10,HIGH,97,0,0,0
56303,2840,in wall pest control near me,10,HIGH,93,0,0,0
56303,2840,woodpecker pest control services near me,10,UNKNOWN,0,0,0,0
56303,2840,fly control services near me,10,HIGH,100,0,0,0
56303,2840,vole control companies near me,10,UNKNOWN,0,0,0,0
56303,2840,pest control near me orkin,10,HIGH,89,0,0,0
56303,2840,wood bee exterminator near me,10,HIGH,100,0,0,0
56303,2840,home fumigation services near me,10,HIGH,84,0,0,0
56303,2840,green pest control companies near me,10,HIGH,86,0,0,0
56303,2840,vault fumigation near me,10,HIGH,71,0,0,0
56303,2840,mice extermination companies near me,10,HIGH,79,0,0,0
56303,2840,vermin pest control near me,10,HIGH,79,0,0,0
56303,2840,trugreen pest control near me,10,LOW,14,0,0,0
56303,2840,insect specialist near me,10,HIGH,86,0,0,0
56303,2840,exterminator for ticks near me,10,HIGH,100,0,0,0
56303,2840,box elder bug removal near me,10,HIGH,100,0,0,0
56303,2840,pet safe exterminators near me,10,HIGH,70,0,0,0
56303,2840,pest control near to me,10,HIGH,100,0,0,0
56303,2840,control pest control near me,10,MEDIUM,43,0,0,0
56303,2840,pest control for carpenter bees near me,10,HIGH,100,0,0,0
56303,2840,local termite inspection companies,10,HIGH,82,0,0,0
56303,2840,exterminators bed bugs near me,10,HIGH,84,0,0,0
56303,2840,pest control ticks near me,10,HIGH,100,0,0,0
56303,2840,roach inspections near me,10,HIGH,100,0,0,0
56303,2840,wasp and bee pest control near me,10,HIGH,100,0,0,0
56303,2840,general pest control treatment,10,LOW,14,0,0,0
56303,2840,bed bug pest control companies near me,10,HIGH,91,0,0,0
56303,2840,professional rat removal near me,10,HIGH,81,0,0,0
56303,2840,moth removal service near me,10,HIGH,93,0,0,0
56303,2840,bagworm exterminators near me,10,HIGH,94,0,0,0
56303,2840,flying ant exterminator near me,10,HIGH,86,0,0,0
56303,2840,removal of wasps nests near me,10,HIGH,100,0,0,0
56303,2840,orkin pest control near my location,10,HIGH,86,0,0,0
56303,2840,gopher exterminators in my area,10,HIGH,71,0,0,0
56303,2840,24 hour critter removal near me,10,HIGH,67,0,0,0
56303,2840,rentokil north america near me,10,LOW,2,0,0,0
56303,2840,industrial pest control services near me,10,HIGH,100,0,0,0
56303,2840,allgood pest control near me,10,LOW,29,0,0,0
56303,2840,pest control for termites price,10,HIGH,100,0,0,0
56303,2840,evergreen pest control near me,10,HIGH,71,0,0,0
56303,2840,thermal pest control near me,10,HIGH,100,0,0,0
56303,2840,bee spraying service near me,10,HIGH,98,0,0,0
56303,2840,rodent removal in my area,10,HIGH,100,0,0,0
56303,2840,near by pest control,10,HIGH,100,0,0,0
56303,2840,drain flies exterminator near me,10,HIGH,79,0,0,0
56303,2840,exterminateur near me,10,LOW,29,0,0,0
56303,2840,bird mite specialist near me,10,HIGH,95,0,0,0
56303,2840,infestation control near me,10,HIGH,95,0,0,0
56303,2840,roach exterminators in my area,10,MEDIUM,55,0,0,0
56303,2840,gypsy moth spraying near me,10,LOW,29,0,0,0
56303,2840,pest killers near me,10,UNKNOWN,0,0,0,0
56303,2840,insecticide service near me,10,HIGH,100,0,0,0
56303,2840,moth fumigation near me,10,MEDIUM,34,0,0,0
56303,2840,thomas pest control near me,10,MEDIUM,39,0,0,0
56303,2840,x terminator pest control near me,10,LOW,13,0,0,0
56303,2840,vermin catcher near me,10,HIGH,100,0,0,0
56303,2840,orkin hours near me,10,LOW,6,0,0,0
56303,2840,mosquito mary's near me,10,LOW,0,0,0,0
56303,2840,pest control firms near me,10,HIGH,73,0,0,0
56303,2840,batzner near me,10,LOW,24,0,0,0
56303,2840,exterminator near me for flies,10,HIGH,80,0,0,0
56303,2840,mosquito pest control companies near me,10,HIGH,90,0,0,0
56303,2840,deemak pest control,10,UNKNOWN,0,0,0,0
56303,2840,carpet moth treatment near me,10,UNKNOWN,0,0,0,0
56303,2840,gypsy moth exterminator near me,10,UNKNOWN,0,0,0,0
56303,2840,johnson pest control near me,10,LOW,31,0,0,0
56303,2840,lizard control services near me,10,HIGH,89,0,0,0
56303,2840,pest control wasp nest near me,10,MEDIUM,55,0,0,0
56303,2840,humane rat catcher near me,10,HIGH,79,0,0,0
56303,2840,tenting for termites near me,10,HIGH,93,0,0,0
56303,2840,pest control near me for home,10,HIGH,100,0,0,0
56303,2840,closest pest control to me,10,HIGH,100,0,0,0
56303,2840,exterminator near me for carpenter ants,10,HIGH,100,0,0,0
56303,2840,s and s termite,10,UNKNOWN,0,0,0,0
56303,2840,bee gone pest control commercial,10,UNKNOWN,0,0,0,0
56303,2840,wood fumigation services near me,10,HIGH,96,0,0,0
56303,2840,organic tick spraying near me,10,HIGH,100,0,0,0
56303,2840,ladybird pest control,10,MEDIUM,57,0,0,0
56303,2840,exterminator near me for stink bugs,10,UNKNOWN,0,0,0,0
56303,2840,quality affordable pest control,10,LOW,20,0,0,0
56303,2840,the specialist pest control,10,HIGH,79,0,0,0
56303,2840,for cockroach pest control,10,UNKNOWN,0,0,0,0
56303,2840,gopher trapping service near me,10,HIGH,86,0,0,0
56303,2840,wasp nest disposal near me,10,HIGH,100,0,0,0
56303,2840,insect treatment companies near me,10,HIGH,100,0,0,0
56303,2840,bed bug fumigation services near me,10,HIGH,71,0,0,0
56303,2840,outdoor exterminators near me,10,HIGH,100,0,0,0
56303,2840,economy pest control near me,10,MEDIUM,36,0,0,0
56303,2840,natural ant exterminator near me,10,HIGH,86,0,0,0
56303,2840,mosquito busters near me,10,HIGH,86,0,0,0
56303,2840,natural termite control near me,10,HIGH,86,0,0,0
56303,2840,pest inspection cost near me,10,MEDIUM,39,0,0,0
56303,2840,pest control near me for carpenter bees,10,HIGH,100,0,0,0
56303,2840,termite treatment at home price,10,HIGH,71,0,0,0
56303,2840,pest control near me for ticks,10,HIGH,95,0,0,0
56303,2840,pest control services for rats near me,10,MEDIUM,36,0,0,0
56303,2840,rabbit exterminators near me,10,HIGH,100,0,0,0
56303,2840,cheap exterminator for bed bugs near me,10,HIGH,71,0,0,0
56303,2840,bedbugs treatment near me,10,HIGH,70,0,0,0
56303,2840,kitchen pest control near me,10,HIGH,93,0,0,0
56303,2840,exterminator wasp near me,10,HIGH,73,0,0,0
56303,2840,cockroach killer gel near me,10,HIGH,100,0,0,0
56303,2840,get rid of rats near me,10,MEDIUM,57,0,0,0
56303,2840,bee prevention near me,10,MEDIUM,36,0,0,0
56303,2840,terminator company near me,10,HIGH,86,0,0,0
56303,2840,mosquito places near me,10,HIGH,80,0,0,0
56303,2840,mosquito yard control near me,10,HIGH,100,0,0,0
56303,2840,fly removal near me,10,HIGH,99,0,0,0
56303,2840,all bugs pest control,10,LOW,16,0,0,0
56303,2840,chem wise near me,10,LOW,21,0,0,0
56303,2840,local bird removal services,10,HIGH,100,0,0,0
56303,2840,closest exterminator to my location,10,HIGH,95,0,0,0
56303,2840,termite treatment at home near me,10,HIGH,100,0,0,0
56303,2840,exterminators near me for carpenter bees,10,UNKNOWN,0,0,0,0
56303,2840,press control services near me,10,HIGH,100,0,0,0
56303,2840,local bee removal company,10,HIGH,100,0,0,0
56303,2840,pest management professional near me,10,LOW,0,0,0,0
56303,2840,pest control services around me,10,HIGH,79,0,0,0
56303,2840,pest control near me for lizards,10,HIGH,86,0,0,0
56303,2840,pest shield near me,10,MEDIUM,44,0,0,0
56303,2840,contractors termite,10,MEDIUM,64,0,0,0
56303,2840,professional flea control near me,10,HIGH,100,0,0,0
56303,2840,solution for termites at home,10,HIGH,100,0,0,0
56303,2840,caterpillar exterminators near me,10,UNKNOWN,0,0,0,0
56303,2840,hi care termite,10,UNKNOWN,0,0,0,0
56303,2840,pallet fumigation services near me,10,HIGH,79,0,0,0
56303,2840,exterminator for centipedes near me,10,HIGH,100,0,0,0
56303,2840,wasp nest removal in my area,10,HIGH,100,0,0,0
56303,2840,bird mite pest control near me,10,MEDIUM,50,0,0,0
56303,2840,anay treatment near me,10,UNKNOWN,0,0,0,0
56303,2840,misting pest control,10,HIGH,79,0,0,0
56303,2840,wildlife trapping company near me,10,LOW,12,0,0,0
56303,2840,pest control for red ants near me,10,UNKNOWN,0,0,0,0
56303,2840,best gopher control near me,10,HIGH,88,0,0,0
56303,2840,licensed pest inspector near me,10,UNKNOWN,0,0,0,0
56303,2840,presto x pest control near me,10,LOW,13,0,0,0
56303,2840,surrender bug killer near me,10,HIGH,100,0,0,0
56303,2840,udhai pest control,10,UNKNOWN,0,0,0,0
56303,2840,pest trapper near me,10,HIGH,100,0,0,0
56303,2840,pest control point,10,MEDIUM,45,0,0,0
56303,2840,springtail extermination near me,10,UNKNOWN,0,0,0,0
56303,2840,masonry bee removal near me,10,HIGH,100,0,0,0
56303,2840,top 10 pest control near me,10,UNKNOWN,0,0,0,0
56303,2840,permanent solution for termites,10,HIGH,100,0,0,0
56303,2840,flea treatment for home near me,10,HIGH,100,0,0,0
56303,2840,chipmunk exterminators near me,10,HIGH,93,0,0,0
56303,2840,pre construction termite treatment near me,10,MEDIUM,50,0,0,0
56303,2840,green termite control,10,LOW,0,0,0,0
56303,2840,earwig control near me,10,LOW,0,0,0,0
56303,2840,permatreat near me,10,MEDIUM,39,0,0,0
56303,2840,terminate pest control near me,10,MEDIUM,50,0,0,0
56303,2840,gypsy moth treatment near me,10,HIGH,100,0,0,0
56303,2840,wil kil pest control near me,10,LOW,8,0,0,0
56303,2840,perimeter pest control services near me,10,UNKNOWN,0,0,0,0
56303,2840,anti termite near me,10,MEDIUM,46,0,0,0
56303,2840,hired killers near me,10,HIGH,86,0,0,0
56303,2840,spraying for gypsy moths near me,10,UNKNOWN,0,0,0,0
56303,2840,commercial pest management near me,10,LOW,0,0,0,0
56303,2840,steritech pest control near me,10,UNKNOWN,0,0,0,0
56303,2840,bug control in my area,10,HIGH,100,0,0,0
56303,2840,fastrac blox near me,10,HIGH,100,0,0,0
56303,2840,anay control,10,LOW,9,0,0,0
56303,2840,millipede pest control near me,10,HIGH,100,0,0,0
56303,2840,ace exterminating near me,10,LOW,0,0,0,0
56303,2840,ant pest control services near me,10,HIGH,100,0,0,0
56303,2840,ant removal companies near me,10,HIGH,100,0,0,0
56303,2840,bayer pest control near me,10,UNKNOWN,0,0,0,0
56303,2840,bed bug control companies near me,10,HIGH,70,0,0,0
56303,2840,beetle control near me,10,UNKNOWN,0,0,0,0
56303,2840,best mosquito exterminator near me,10,HIGH,76,0,0,0
56303,2840,biological control of termites,10,UNKNOWN,0,0,0,0
56303,2840,bird mite exterminators near me,10,HIGH,86,0,0,0
56303,2840,bt pesticide near me,10,HIGH,100,0,0,0
56303,2840,bumble bee control near me,10,MEDIUM,36,0,0,0
56303,2840,centipede removal near me,10,UNKNOWN,0,0,0,0
56303,2840,central exterminating near me,10,HIGH,71,0,0,0
56303,2840,cheap exterminator for mice near me,10,UNKNOWN,0,0,0,0
56303,2840,cicada killer wasp exterminator near me,10,HIGH,100,0,0,0
56303,2840,cockroach gel near me,10,HIGH,100,0,0,0
56303,2840,cockroach infestation near me,10,HIGH,74,0,0,0
56303,2840,covid fumigation services near me,10,UNKNOWN,0,0,0,0
56303,2840,dixon pest control near me,10,LOW,17,0,0,0
56303,2840,eco bed bug exterminator near me,10,UNKNOWN,0,0,0,0
56303,2840,eco bed bug exterminators near me,10,HIGH,86,0,0,0
56303,2840,ecosmart ant and roach killer near me,10,HIGH,100,0,0,0
56303,2840,exterminator prices for mice near me,10,UNKNOWN,0,0,0,0
56303,2840,fire ant removal near me,10,HIGH,86,0,0,0
56303,2840,fumigation services for covid near me,10,UNKNOWN,0,0,0,0
56303,2840,fumigation team near me,10,HIGH,81,0,0,0
56303,2840,gnat nix near me,10,UNKNOWN,0,0,0,0
56303,2840,gypsy moth control near me,10,UNKNOWN,0,0,0,0
56303,2840,honey bee exterminators near me,10,HIGH,100,0,0,0
56303,2840,house and home pest control,10,LOW,0,0,0,0
56303,2840,insect expert near me,10,UNKNOWN,0,0,0,0
56303,2840,invict gold cockroach gel near me,10,HIGH,100,0,0,0
56303,2840,lentrek termite,10,LOW,29,0,0,0
56303,2840,local rodent removal companies,10,HIGH,95,0,0,0
56303,2840,maxxthor ec near me,10,HIGH,89,0,0,0
56303,2840,molecatcher near me,10,UNKNOWN,0,0,0,0
56303,2840,mosquito elimination near me,10,UNKNOWN,0,0,0,0
56303,2840,mosquito eradicator near me,10,UNKNOWN,0,0,0,0
56303,2840,near me pest control services,10,HIGH,100,0,0,0
56303,2840,odorous ant control near me,10,UNKNOWN,0,0,0,0
56303,2840,pest control at home near me,10,UNKNOWN,0,0,0,0
56303,2840,pest control for foxes near me,10,HIGH,100,0,0,0
56303,2840,pest control near you,10,HIGH,100,0,0,0
56303,2840,pest control services for lizards near me,10,UNKNOWN,0,0,0,0
56303,2840,pest control services near by me,10,UNKNOWN,0,0,0,0
56303,2840,pest extermination service near me,10,HIGH,83,0,0,0
56303,2840,pest removal in my area,10,HIGH,100,0,0,0
56303,2840,pestpop near me,10,MEDIUM,57,0,0,0
56303,2840,premise termite price,10,UNKNOWN,0,0,0,0
56303,2840,professional flea removal near me,10,HIGH,100,0,0,0
56303,2840,repairing termite damaged walls,10,HIGH,71,0,0,0
56303,2840,reptile control services near me,10,HIGH,100,0,0,0
56303,2840,safe pest control companies near me,10,UNKNOWN,0,0,0,0
56303,2840,silverfish control near me,10,HIGH,71,0,0,0
56303,2840,sovereign pest control near me,10,LOW,16,0,0,0
56303,2840,spectracide termite stakes false positive,10,UNKNOWN,0,0,0,0
56303,2840,tata termite,10,UNKNOWN,0,0,0,0
56303,2840,termite companies around me,10,UNKNOWN,0,0,0,0
56303,2840,termite control normal,10,UNKNOWN,0,0,0,0
56303,2840,termite control termite inspection near me,10,UNKNOWN,0,0,0,0
56303,2840,termite control windsor,10,UNKNOWN,0,0,0,0
56303,2840,termite exterminator termite inspection near me,10,UNKNOWN,0,0,0,0
56303,2840,termite on wall treatment,10,HIGH,67,0,0,0
56303,2840,termite treatment normal,10,UNKNOWN,0,0,0,0
56303,2840,termite treatment termite inspection near me,10,UNKNOWN,0,0,0,0
56303,2840,terro wasp and hornet killer near me,10,HIGH,91,0,0,0
56303,2840,top rated pest control annandale,10,UNKNOWN,0,0,0,0
56303,2840,top ten pest control companies near me,10,HIGH,91,0,0,0
56303,2840,vikane fumigation near me,10,HIGH,86,0,0,0
56303,2840,wood infestation inspection near me,10,UNKNOWN,0,0,0,0
56303,2840,zevo bug killer near me,10,HIGH,100,0,0,0
21601,2840,terminix pest & termite control,10,LOW,13,0,0,0
21601,2840,building and pest inspection near me,10,LOW,0,0,0,0
21601,2840,24 hour emergency pest control near me,10,HIGH,89,0,0,0
21601,2840,24 hour pest control services near me,10,HIGH,93,0,0,0
21601,2840,termite barrier cost,10,MEDIUM,38,0,0,0
21601,2840,hulett pest control near me,10,LOW,24,0,0,0
21601,2840,rat company near me,10,MEDIUM,43,0,0,0
21601,2840,bedbugs control services,10,MEDIUM,43,0,0,0
21601,2840,24 hour bed bug exterminator near me,10,HIGH,89,0,0,0
21601,2840,npma 33 pest inspection near me,10,HIGH,93,0,0,0
21601,2840,termite inspection central coast,10,LOW,31,0,0,0
21601,2840,rat trappers near me,10,HIGH,94,0,0,0
21601,2840,cheap mice exterminators near me,10,MEDIUM,62,0,0,0
21601,2840,flick termite,10,UNKNOWN,0,0,0,0
21601,2840,fantastic services pest control,10,MEDIUM,57,0,0,0
21601,2840,bug exterminator near me cost,10,HIGH,86,0,0,0
21601,2840,mosquito defense near me,10,HIGH,90,0,0,0
21601,2840,deemak control,10,UNKNOWN,0,0,0,0
21601,2840,eco friendly termite control near me,10,HIGH,95,0,0,0
21601,2840,pestban near me,10,LOW,7,0,0,0
21601,2840,exterminator near me 24 hours,10,HIGH,95,0,0,0
21601,2840,termite removal companies near me,10,HIGH,71,0,0,0
21601,2840,spectracide terminate termite killing stakes,10,MEDIUM,47,0,0,0
21601,2840,pest control for birds near me,10,HIGH,75,0,0,0
21601,2840,attic pest removal service near me,10,UNKNOWN,0,0,0,0
21601,2840,possum pest control near me,10,HIGH,80,0,0,0
21601,2840,critter exterminators near me,10,HIGH,90,0,0,0
21601,2840,local pest experts,10,LOW,21,0,0,0
21601,2840,white ant treatment near me,10,UNKNOWN,0,0,0,0
21601,2840,local bee exterminators in my area,10,MEDIUM,61,0,0,0
21601,2840,pest control pigeons near me,10,HIGH,86,0,0,0
21601,2840,termite protection barrier,10,HIGH,71,0,0,0
21601,2840,termite pest inspection near me,10,HIGH,93,0,0,0
21601,2840,best pest control near me for bed bugs,10,HIGH,100,0,0,0
21601,2840,carpet and pest control near me,10,UNKNOWN,0,0,0,0
21601,2840,nearest exterminator near me,10,UNKNOWN,0,0,0,0
21601,2840,orkin near me prices,10,UNKNOWN,0,0,0,0
21601,2840,pest control near by me,10,HIGH,100,0,0,0
21601,2840,anti termite treatment near me,10,UNKNOWN,0,0,0,0
21601,2840,critter trapper near me,10,HIGH,76,0,0,0
21601,2840,pest control birds near me,10,HIGH,100,0,0,0
21601,2840,roof rat control near me,10,HIGH,100,0,0,0
21601,2840,pest control near me for mosquitoes,10,HIGH,81,0,0,0
21601,2840,nearest pest control to me,10,HIGH,100,0,0,0
21601,2840,bark pest control,10,HIGH,88,0,0,0
21601,2840,cheap exterminator for roaches near me,10,HIGH,86,0,0,0
21601,2840,bug guys pest control near me,10,HIGH,71,0,0,0
21601,2840,pest control mosquito near me,10,HIGH,100,0,0,0
21601,2840,pest control near me for squirrels,10,UNKNOWN,0,0,0,0
21601,2840,rat killer service near me,10,HIGH,86,0,0,0
21601,2840,organic termite control near me,10,HIGH,86,0,0,0
21601,2840,lizard catcher near me,10,HIGH,86,0,0,0
21601,2840,best fumigation company,10,HIGH,95,0,0,0
21601,2840,house tenting for termites near me,10,HIGH,77,0,0,0
21601,2840,best pest control near me for rats,10,MEDIUM,52,0,0,0
21601,2840,cockroach pest control services near me,10,LOW,5,0,0,0
21601,2840,pest control natural near me,10,HIGH,81,0,0,0
21601,2840,building and pest inspections near me,10,UNKNOWN,0,0,0,0
21601,2840,pest control near me birds,10,HIGH,100,0,0,0
21601,2840,domestic pest control near me,10,HIGH,69,0,0,0
21601,2840,pest control charges near me,10,HIGH,83,0,0,0
21601,2840,termite pre treatment for new construction near me,10,HIGH,86,0,0,0
21601,2840,stink bug pest control near me,10,HIGH,89,0,0,0
21601,2840,cheap fumigation near me,10,HIGH,100,0,0,0
21601,2840,tick and mosquito treatment near me,10,HIGH,83,0,0,0
21601,2840,local pest control companies in my area,10,MEDIUM,56,0,0,0
21601,2840,termite solutions pest control,10,HIGH,68,0,0,0
21601,2840,wasp company near me,10,MEDIUM,64,0,0,0
21601,2840,mice fumigation near me,10,HIGH,97,0,0,0
21601,2840,in wall pest control near me,10,HIGH,93,0,0,0
21601,2840,woodpecker pest control services near me,10,UNKNOWN,0,0,0,0
21601,2840,fly control services near me,10,HIGH,100,0,0,0
21601,2840,vole control companies near me,10,UNKNOWN,0,0,0,0
21601,2840,pest control near me orkin,10,HIGH,89,0,0,0
21601,2840,wood bee exterminator near me,10,HIGH,100,0,0,0
21601,2840,home fumigation services near me,10,HIGH,84,0,0,0
21601,2840,green pest control companies near me,10,HIGH,86,0,0,0
21601,2840,vault fumigation near me,10,HIGH,71,0,0,0
21601,2840,mice extermination companies near me,10,HIGH,79,0,0,0
21601,2840,vermin pest control near me,10,HIGH,79,0,0,0
21601,2840,trugreen pest control near me,10,LOW,14,0,0,0
21601,2840,insect specialist near me,10,HIGH,86,0,0,0
21601,2840,exterminator for ticks near me,10,HIGH,100,0,0,0
21601,2840,box elder bug removal near me,10,HIGH,100,0,0,0
21601,2840,pet safe exterminators near me,10,HIGH,70,0,0,0
21601,2840,pest control near to me,10,HIGH,100,0,0,0
21601,2840,control pest control near me,10,MEDIUM,43,0,0,0
21601,2840,pest control for carpenter bees near me,10,HIGH,100,0,0,0
21601,2840,local termite inspection companies,10,HIGH,82,0,0,0
21601,2840,exterminators bed bugs near me,10,HIGH,84,0,0,0
21601,2840,pest control ticks near me,10,HIGH,100,0,0,0
21601,2840,roach inspections near me,10,HIGH,100,0,0,0
21601,2840,wasp and bee pest control near me,10,HIGH,100,0,0,0
21601,2840,general pest control treatment,10,LOW,14,0,0,0
21601,2840,bed bug pest control companies near me,10,HIGH,91,0,0,0
21601,2840,professional rat removal near me,10,HIGH,81,0,0,0
21601,2840,moth removal service near me,10,HIGH,93,0,0,0
21601,2840,bagworm exterminators near me,10,HIGH,94,0,0,0
21601,2840,flying ant exterminator near me,10,HIGH,86,0,0,0
21601,2840,removal of wasps nests near me,10,HIGH,100,0,0,0
21601,2840,orkin pest control near my location,10,HIGH,86,0,0,0
21601,2840,gopher exterminators in my area,10,HIGH,71,0,0,0
21601,2840,24 hour critter removal near me,10,HIGH,67,0,0,0
21601,2840,rentokil north america near me,10,LOW,2,0,0,0
21601,2840,industrial pest control services near me,10,HIGH,100,0,0,0
21601,2840,allgood pest control near me,10,LOW,29,0,0,0
21601,2840,pest control for termites price,10,HIGH,100,0,0,0
21601,2840,evergreen pest control near me,10,HIGH,71,0,0,0
21601,2840,thermal pest control near me,10,HIGH,100,0,0,0
21601,2840,bee spraying service near me,10,HIGH,98,0,0,0
21601,2840,rodent removal in my area,10,HIGH,100,0,0,0
21601,2840,near by pest control,10,HIGH,100,0,0,0
21601,2840,drain flies exterminator near me,10,HIGH,79,0,0,0
21601,2840,exterminateur near me,10,LOW,29,0,0,0
21601,2840,bird mite specialist near me,10,HIGH,95,0,0,0
21601,2840,infestation control near me,10,HIGH,95,0,0,0
21601,2840,roach exterminators in my area,10,MEDIUM,55,0,0,0
21601,2840,gypsy moth spraying near me,10,LOW,29,0,0,0
21601,2840,pest killers near me,10,UNKNOWN,0,0,0,0
21601,2840,insecticide service near me,10,HIGH,100,0,0,0
21601,2840,moth fumigation near me,10,MEDIUM,34,0,0,0
21601,2840,thomas pest control near me,10,MEDIUM,39,0,0,0
21601,2840,x terminator pest control near me,10,LOW,13,0,0,0
21601,2840,vermin catcher near me,10,HIGH,100,0,0,0
21601,2840,orkin hours near me,10,LOW,6,0,0,0
21601,2840,mosquito mary's near me,10,LOW,0,0,0,0
21601,2840,pest control firms near me,10,HIGH,73,0,0,0
21601,2840,batzner near me,10,LOW,24,0,0,0
21601,2840,exterminator near me for flies,10,HIGH,80,0,0,0
21601,2840,mosquito pest control companies near me,10,HIGH,90,0,0,0
21601,2840,deemak pest control,10,UNKNOWN,0,0,0,0
21601,2840,carpet moth treatment near me,10,UNKNOWN,0,0,0,0
21601,2840,gypsy moth exterminator near me,10,UNKNOWN,0,0,0,0
21601,2840,johnson pest control near me,10,LOW,31,0,0,0
21601,2840,lizard control services near me,10,HIGH,89,0,0,0
21601,2840,pest control wasp nest near me,10,MEDIUM,55,0,0,0
21601,2840,humane rat catcher near me,10,HIGH,79,0,0,0
21601,2840,tenting for termites near me,10,HIGH,93,0,0,0
21601,2840,pest control near me for home,10,HIGH,100,0,0,0
21601,2840,closest pest control to me,10,HIGH,100,0,0,0
21601,2840,exterminator near me for carpenter ants,10,HIGH,100,0,0,0
21601,2840,s and s termite,10,UNKNOWN,0,0,0,0
21601,2840,bee gone pest control commercial,10,UNKNOWN,0,0,0,0
21601,2840,wood fumigation services near me,10,HIGH,96,0,0,0
21601,2840,organic tick spraying near me,10,HIGH,100,0,0,0
21601,2840,ladybird pest control,10,MEDIUM,57,0,0,0
21601,2840,exterminator near me for stink bugs,10,UNKNOWN,0,0,0,0
21601,2840,quality affordable pest control,10,LOW,20,0,0,0
21601,2840,the specialist pest control,10,HIGH,79,0,0,0
21601,2840,for cockroach pest control,10,UNKNOWN,0,0,0,0
21601,2840,gopher trapping service near me,10,HIGH,86,0,0,0
21601,2840,wasp nest disposal near me,10,HIGH,100,0,0,0
21601,2840,insect treatment companies near me,10,HIGH,100,0,0,0
21601,2840,bed bug fumigation services near me,10,HIGH,71,0,0,0
21601,2840,outdoor exterminators near me,10,HIGH,100,0,0,0
21601,2840,economy pest control near me,10,MEDIUM,36,0,0,0
21601,2840,natural ant exterminator near me,10,HIGH,86,0,0,0
21601,2840,mosquito busters near me,10,HIGH,86,0,0,0
21601,2840,natural termite control near me,10,HIGH,86,0,0,0
21601,2840,pest inspection cost near me,10,MEDIUM,39,0,0,0
21601,2840,pest control near me for carpenter bees,10,HIGH,100,0,0,0
21601,2840,termite treatment at home price,10,HIGH,71,0,0,0
21601,2840,pest control near me for ticks,10,HIGH,95,0,0,0
21601,2840,pest control services for rats near me,10,MEDIUM,36,0,0,0
21601,2840,rabbit exterminators near me,10,HIGH,100,0,0,0
21601,2840,cheap exterminator for bed bugs near me,10,HIGH,71,0,0,0
21601,2840,bedbugs treatment near me,10,HIGH,70,0,0,0
21601,2840,kitchen pest control near me,10,HIGH,93,0,0,0
21601,2840,exterminator wasp near me,10,HIGH,73,0,0,0
21601,2840,cockroach killer gel near me,10,HIGH,100,0,0,0
21601,2840,get rid of rats near me,10,MEDIUM,57,0,0,0
21601,2840,bee prevention near me,10,MEDIUM,36,0,0,0
21601,2840,terminator company near me,10,HIGH,86,0,0,0
21601,2840,mosquito places near me,10,HIGH,80,0,0,0
21601,2840,mosquito yard control near me,10,HIGH,100,0,0,0
21601,2840,fly removal near me,10,HIGH,99,0,0,0
21601,2840,all bugs pest control,10,LOW,16,0,0,0
21601,2840,chem wise near me,10,LOW,21,0,0,0
21601,2840,local bird removal services,10,HIGH,100,0,0,0
21601,2840,closest exterminator to my location,10,HIGH,95,0,0,0
21601,2840,termite treatment at home near me,10,HIGH,100,0,0,0
21601,2840,exterminators near me for carpenter bees,10,UNKNOWN,0,0,0,0
21601,2840,press control services near me,10,HIGH,100,0,0,0
21601,2840,local bee removal company,10,HIGH,100,0,0,0
21601,2840,pest management professional near me,10,LOW,0,0,0,0
21601,2840,pest control services around me,10,HIGH,79,0,0,0
21601,2840,pest control near me for lizards,10,HIGH,86,0,0,0
21601,2840,pest shield near me,10,MEDIUM,44,0,0,0
21601,2840,contractors termite,10,MEDIUM,64,0,0,0
21601,2840,professional flea control near me,10,HIGH,100,0,0,0
21601,2840,solution for termites at home,10,HIGH,100,0,0,0
21601,2840,caterpillar exterminators near me,10,UNKNOWN,0,0,0,0
21601,2840,hi care termite,10,UNKNOWN,0,0,0,0
21601,2840,pallet fumigation services near me,10,HIGH,79,0,0,0
21601,2840,exterminator for centipedes near me,10,HIGH,100,0,0,0
21601,2840,wasp nest removal in my area,10,HIGH,100,0,0,0
21601,2840,bird mite pest control near me,10,MEDIUM,50,0,0,0
21601,2840,anay treatment near me,10,UNKNOWN,0,0,0,0
21601,2840,misting pest control,10,HIGH,79,0,0,0
21601,2840,wildlife trapping company near me,10,LOW,12,0,0,0
21601,2840,pest control for red ants near me,10,UNKNOWN,0,0,0,0
21601,2840,best gopher control near me,10,HIGH,88,0,0,0
21601,2840,licensed pest inspector near me,10,UNKNOWN,0,0,0,0
21601,2840,presto x pest control near me,10,LOW,13,0,0,0
21601,2840,surrender bug killer near me,10,HIGH,100,0,0,0
21601,2840,udhai pest control,10,UNKNOWN,0,0,0,0
21601,2840,pest trapper near me,10,HIGH,100,0,0,0
21601,2840,pest control point,10,MEDIUM,45,0,0,0
21601,2840,springtail extermination near me,10,UNKNOWN,0,0,0,0
21601,2840,masonry bee removal near me,10,HIGH,100,0,0,0
21601,2840,top 10 pest control near me,10,UNKNOWN,0,0,0,0
21601,2840,permanent solution for termites,10,HIGH,100,0,0,0
21601,2840,flea treatment for home near me,10,HIGH,100,0,0,0
21601,2840,chipmunk exterminators near me,10,HIGH,93,0,0,0
21601,2840,pre construction termite treatment near me,10,MEDIUM,50,0,0,0
21601,2840,green termite control,10,LOW,0,0,0,0
21601,2840,earwig control near me,10,LOW,0,0,0,0
21601,2840,permatreat near me,10,MEDIUM,39,0,0,0
21601,2840,terminate pest control near me,10,MEDIUM,50,0,0,0
21601,2840,gypsy moth treatment near me,10,HIGH,100,0,0,0
21601,2840,wil kil pest control near me,10,LOW,8,0,0,0
21601,2840,perimeter pest control services near me,10,UNKNOWN,0,0,0,0
21601,2840,anti termite near me,10,MEDIUM,46,0,0,0
21601,2840,hired killers near me,10,HIGH,86,0,0,0
21601,2840,spraying for gypsy moths near me,10,UNKNOWN,0,0,0,0
21601,2840,commercial pest management near me,10,LOW,0,0,0,0
21601,2840,steritech pest control near me,10,UNKNOWN,0,0,0,0
21601,2840,bug control in my area,10,HIGH,100,0,0,0
21601,2840,fastrac blox near me,10,HIGH,100,0,0,0
21601,2840,anay control,10,LOW,9,0,0,0
21601,2840,millipede pest control near me,10,HIGH,100,0,0,0
21601,2840,ace exterminating near me,10,LOW,0,0,0,0
21601,2840,ant pest control services near me,10,HIGH,100,0,0,0
21601,2840,ant removal companies near me,10,HIGH,100,0,0,0
21601,2840,bayer pest control near me,10,UNKNOWN,0,0,0,0
21601,2840,bed bug control companies near me,10,HIGH,70,0,0,0
21601,2840,beetle control near me,10,UNKNOWN,0,0,0,0
21601,2840,best mosquito exterminator near me,10,HIGH,76,0,0,0
21601,2840,biological control of termites,10,UNKNOWN,0,0,0,0
21601,2840,bird mite exterminators near me,10,HIGH,86,0,0,0
21601,2840,bt pesticide near me,10,HIGH,100,0,0,0
21601,2840,bumble bee control near me,10,MEDIUM,36,0,0,0
21601,2840,centipede removal near me,10,UNKNOWN,0,0,0,0
21601,2840,central exterminating near me,10,HIGH,71,0,0,0
21601,2840,cheap exterminator for mice near me,10,UNKNOWN,0,0,0,0
21601,2840,cicada killer wasp exterminator near me,10,HIGH,100,0,0,0
21601,2840,cockroach gel near me,10,HIGH,100,0,0,0
21601,2840,cockroach infestation near me,10,HIGH,74,0,0,0
21601,2840,covid fumigation services near me,10,UNKNOWN,0,0,0,0
21601,2840,dixon pest control near me,10,LOW,17,0,0,0
21601,2840,eco bed bug exterminator near me,10,UNKNOWN,0,0,0,0
21601,2840,eco bed bug exterminators near me,10,HIGH,86,0,0,0
21601,2840,ecosmart ant and roach killer near me,10,HIGH,100,0,0,0
21601,2840,exterminator prices for mice near me,10,UNKNOWN,0,0,0,0
21601,2840,fire ant removal near me,10,HIGH,86,0,0,0
21601,2840,fumigation services for covid near me,10,UNKNOWN,0,0,0,0
21601,2840,fumigation team near me,10,HIGH,81,0,0,0
21601,2840,gnat nix near me,10,UNKNOWN,0,0,0,0
21601,2840,gypsy moth control near me,10,UNKNOWN,0,0,0,0
21601,2840,honey bee exterminators near me,10,HIGH,100,0,0,0
21601,2840,house and home pest control,10,LOW,0,0,0,0
21601,2840,insect expert near me,10,UNKNOWN,0,0,0,0
21601,2840,invict gold cockroach gel near me,10,HIGH,100,0,0,0
21601,2840,lentrek termite,10,LOW,29,0,0,0
21601,2840,local rodent removal companies,10,HIGH,95,0,0,0
21601,2840,maxxthor ec near me,10,HIGH,89,0,0,0
21601,2840,molecatcher near me,10,UNKNOWN,0,0,0,0
21601,2840,mosquito elimination near me,10,UNKNOWN,0,0,0,0
21601,2840,mosquito eradicator near me,10,UNKNOWN,0,0,0,0
21601,2840,near me pest control services,10,HIGH,100,0,0,0
21601,2840,odorous ant control near me,10,UNKNOWN,0,0,0,0
21601,2840,pest control at home near me,10,UNKNOWN,0,0,0,0
21601,2840,pest control for foxes near me,10,HIGH,100,0,0,0
21601,2840,pest control near you,10,HIGH,100,0,0,0
21601,2840,pest control services for lizards near me,10,UNKNOWN,0,0,0,0
21601,2840,pest control services near by me,10,UNKNOWN,0,0,0,0
21601,2840,pest extermination service near me,10,HIGH,83,0,0,0
21601,2840,pest removal in my area,10,HIGH,100,0,0,0
21601,2840,pestpop near me,10,MEDIUM,57,0,0,0
21601,2840,premise termite price,10,UNKNOWN,0,0,0,0
21601,2840,professional flea removal near me,10,HIGH,100,0,0,0
21601,2840,repairing termite damaged walls,10,HIGH,71,0,0,0
21601,2840,reptile control services near me,10,HIGH,100,0,0,0
21601,2840,safe pest control companies near me,10,UNKNOWN,0,0,0,0
21601,2840,silverfish control near me,10,HIGH,71,0,0,0
21601,2840,sovereign pest control near me,10,LOW,16,0,0,0
21601,2840,spectracide termite stakes false positive,10,UNKNOWN,0,0,0,0
21601,2840,tata termite,10,UNKNOWN,0,0,0,0
21601,2840,termite companies around me,10,UNKNOWN,0,0,0,0
21601,2840,termite control normal,10,UNKNOWN,0,0,0,0
21601,2840,termite control termite inspection near me,10,UNKNOWN,0,0,0,0
21601,2840,termite control windsor,10,UNKNOWN,0,0,0,0
21601,2840,termite exterminator termite inspection near me,10,UNKNOWN,0,0,0,0
21601,2840,termite on wall treatment,10,HIGH,67,0,0,0
21601,2840,termite treatment normal,10,UNKNOWN,0,0,0,0
21601,2840,termite treatment termite inspection near me,10,UNKNOWN,0,0,0,0
21601,2840,terro wasp and hornet killer near me,10,HIGH,91,0,0,0
21601,2840,top rated pest control annandale,10,UNKNOWN,0,0,0,0
21601,2840,top ten pest control companies near me,10,HIGH,91,0,0,0
21601,2840,vikane fumigation near me,10,HIGH,86,0,0,0
21601,2840,wood infestation inspection near me,10,UNKNOWN,0,0,0,0
21601,2840,zevo bug killer near me,10,HIGH,100,0,0,0
7601,2840,terminix pest & termite control,10,LOW,13,0,0,0
7601,2840,building and pest inspection near me,10,LOW,0,0,0,0
7601,2840,24 hour emergency pest control near me,10,HIGH,89,0,0,0
7601,2840,24 hour pest control services near me,10,HIGH,93,0,0,0
7601,2840,termite barrier cost,10,MEDIUM,38,0,0,0
7601,2840,hulett pest control near me,10,LOW,24,0,0,0
7601,2840,rat company near me,10,MEDIUM,43,0,0,0
7601,2840,bedbugs control services,10,MEDIUM,43,0,0,0
7601,2840,24 hour bed bug exterminator near me,10,HIGH,89,0,0,0
7601,2840,npma 33 pest inspection near me,10,HIGH,93,0,0,0
7601,2840,termite inspection central coast,10,LOW,31,0,0,0
7601,2840,rat trappers near me,10,HIGH,94,0,0,0
7601,2840,cheap mice exterminators near me,10,MEDIUM,62,0,0,0
7601,2840,flick termite,10,UNKNOWN,0,0,0,0
7601,2840,fantastic services pest control,10,MEDIUM,57,0,0,0
7601,2840,bug exterminator near me cost,10,HIGH,86,0,0,0
7601,2840,mosquito defense near me,10,HIGH,90,0,0,0
7601,2840,deemak control,10,UNKNOWN,0,0,0,0
7601,2840,eco friendly termite control near me,10,HIGH,95,0,0,0
7601,2840,pestban near me,10,LOW,7,0,0,0
7601,2840,exterminator near me 24 hours,10,HIGH,95,0,0,0
7601,2840,termite removal companies near me,10,HIGH,71,0,0,0
7601,2840,spectracide terminate termite killing stakes,10,MEDIUM,47,0,0,0
7601,2840,pest control for birds near me,10,HIGH,75,0,0,0
7601,2840,attic pest removal service near me,10,UNKNOWN,0,0,0,0
7601,2840,possum pest control near me,10,HIGH,80,0,0,0
7601,2840,critter exterminators near me,10,HIGH,90,0,0,0
7601,2840,local pest experts,10,LOW,21,0,0,0
7601,2840,white ant treatment near me,10,UNKNOWN,0,0,0,0
7601,2840,local bee exterminators in my area,10,MEDIUM,61,0,0,0
7601,2840,pest control pigeons near me,10,HIGH,86,0,0,0
7601,2840,termite protection barrier,10,HIGH,71,0,0,0
7601,2840,termite pest inspection near me,10,HIGH,93,0,0,0
7601,2840,best pest control near me for bed bugs,10,HIGH,100,0,0,0
7601,2840,carpet and pest control near me,10,UNKNOWN,0,0,0,0
7601,2840,nearest exterminator near me,10,UNKNOWN,0,0,0,0
7601,2840,orkin near me prices,10,UNKNOWN,0,0,0,0
7601,2840,pest control near by me,10,HIGH,100,0,0,0
7601,2840,anti termite treatment near me,10,UNKNOWN,0,0,0,0
7601,2840,critter trapper near me,10,HIGH,76,0,0,0
7601,2840,pest control birds near me,10,HIGH,100,0,0,0
7601,2840,roof rat control near me,10,HIGH,100,0,0,0
7601,2840,pest control near me for mosquitoes,10,HIGH,81,0,0,0
7601,2840,nearest pest control to me,10,HIGH,100,0,0,0
7601,2840,bark pest control,10,HIGH,88,0,0,0
7601,2840,cheap exterminator for roaches near me,10,HIGH,86,0,0,0
7601,2840,bug guys pest control near me,10,HIGH,71,0,0,0
7601,2840,pest control mosquito near me,10,HIGH,100,0,0,0
7601,2840,pest control near me for squirrels,10,UNKNOWN,0,0,0,0
7601,2840,rat killer service near me,10,HIGH,86,0,0,0
7601,2840,organic termite control near me,10,HIGH,86,0,0,0
7601,2840,lizard catcher near me,10,HIGH,86,0,0,0
7601,2840,best fumigation company,10,HIGH,95,0,0,0
7601,2840,house tenting for termites near me,10,HIGH,77,0,0,0
7601,2840,best pest control near me for rats,10,MEDIUM,52,0,0,0
7601,2840,cockroach pest control services near me,10,LOW,5,0,0,0
7601,2840,pest control natural near me,10,HIGH,81,0,0,0
7601,2840,building and pest inspections near me,10,UNKNOWN,0,0,0,0
7601,2840,pest control near me birds,10,HIGH,100,0,0,0
7601,2840,domestic pest control near me,10,HIGH,69,0,0,0
7601,2840,pest control charges near me,10,HIGH,83,0,0,0
7601,2840,termite pre treatment for new construction near me,10,HIGH,86,0,0,0
7601,2840,stink bug pest control near me,10,HIGH,89,0,0,0
7601,2840,cheap fumigation near me,10,HIGH,100,0,0,0
7601,2840,tick and mosquito treatment near me,10,HIGH,83,0,0,0
7601,2840,local pest control companies in my area,10,MEDIUM,56,0,0,0
7601,2840,termite solutions pest control,10,HIGH,68,0,0,0
7601,2840,wasp company near me,10,MEDIUM,64,0,0,0
7601,2840,mice fumigation near me,10,HIGH,97,0,0,0
7601,2840,in wall pest control near me,10,HIGH,93,0,0,0
7601,2840,woodpecker pest control services near me,10,UNKNOWN,0,0,0,0
7601,2840,fly control services near me,10,HIGH,100,0,0,0
7601,2840,vole control companies near me,10,UNKNOWN,0,0,0,0
7601,2840,pest control near me orkin,10,HIGH,89,0,0,0
7601,2840,wood bee exterminator near me,10,HIGH,100,0,0,0
7601,2840,home fumigation services near me,10,HIGH,84,0,0,0
7601,2840,green pest control companies near me,10,HIGH,86,0,0,0
7601,2840,vault fumigation near me,10,HIGH,71,0,0,0
7601,2840,mice extermination companies near me,10,HIGH,79,0,0,0
7601,2840,vermin pest control near me,10,HIGH,79,0,0,0
7601,2840,trugreen pest control near me,10,LOW,14,0,0,0
7601,2840,insect specialist near me,10,HIGH,86,0,0,0
7601,2840,exterminator for ticks near me,10,HIGH,100,0,0,0
7601,2840,box elder bug removal near me,10,HIGH,100,0,0,0
7601,2840,pet safe exterminators near me,10,HIGH,70,0,0,0
7601,2840,pest control near to me,10,HIGH,100,0,0,0
7601,2840,control pest control near me,10,MEDIUM,43,0,0,0
7601,2840,pest control for carpenter bees near me,10,HIGH,100,0,0,0
7601,2840,local termite inspection companies,10,HIGH,82,0,0,0
7601,2840,exterminators bed bugs near me,10,HIGH,84,0,0,0
7601,2840,pest control ticks near me,10,HIGH,100,0,0,0
7601,2840,roach inspections near me,10,HIGH,100,0,0,0
7601,2840,wasp and bee pest control near me,10,HIGH,100,0,0,0
7601,2840,general pest control treatment,10,LOW,14,0,0,0
7601,2840,bed bug pest control companies near me,10,HIGH,91,0,0,0
7601,2840,professional rat removal near me,10,HIGH,81,0,0,0
7601,2840,moth removal service near me,10,HIGH,93,0,0,0
7601,2840,bagworm exterminators near me,10,HIGH,94,0,0,0
7601,2840,flying ant exterminator near me,10,HIGH,86,0,0,0
7601,2840,removal of wasps nests near me,10,HIGH,100,0,0,0
7601,2840,orkin pest control near my location,10,HIGH,86,0,0,0
7601,2840,gopher exterminators in my area,10,HIGH,71,0,0,0
7601,2840,24 hour critter removal near me,10,HIGH,67,0,0,0
7601,2840,rentokil north america near me,10,LOW,2,0,0,0
7601,2840,industrial pest control services near me,10,HIGH,100,0,0,0
7601,2840,allgood pest control near me,10,LOW,29,0,0,0
7601,2840,pest control for termites price,10,HIGH,100,0,0,0
7601,2840,evergreen pest control near me,10,HIGH,71,0,0,0
7601,2840,thermal pest control near me,10,HIGH,100,0,0,0
7601,2840,bee spraying service near me,10,HIGH,98,0,0,0
7601,2840,rodent removal in my area,10,HIGH,100,0,0,0
7601,2840,near by pest control,10,HIGH,100,0,0,0
7601,2840,drain flies exterminator near me,10,HIGH,79,0,0,0
7601,2840,exterminateur near me,10,LOW,29,0,0,0
7601,2840,bird mite specialist near me,10,HIGH,95,0,0,0
7601,2840,infestation control near me,10,HIGH,95,0,0,0
7601,2840,roach exterminators in my area,10,MEDIUM,55,0,0,0
7601,2840,gypsy moth spraying near me,10,LOW,29,0,0,0
7601,2840,pest killers near me,10,UNKNOWN,0,0,0,0
7601,2840,insecticide service near me,10,HIGH,100,0,0,0
7601,2840,moth fumigation near me,10,MEDIUM,34,0,0,0
7601,2840,thomas pest control near me,10,MEDIUM,39,0,0,0
7601,2840,x terminator pest control near me,10,LOW,13,0,0,0
7601,2840,vermin catcher near me,10,HIGH,100,0,0,0
7601,2840,orkin hours near me,10,LOW,6,0,0,0
7601,2840,mosquito mary's near me,10,LOW,0,0,0,0
7601,2840,pest control firms near me,10,HIGH,73,0,0,0
7601,2840,batzner near me,10,LOW,24,0,0,0
7601,2840,exterminator near me for flies,10,HIGH,80,0,0,0
7601,2840,mosquito pest control companies near me,10,HIGH,90,0,0,0
7601,2840,deemak pest control,10,UNKNOWN,0,0,0,0
7601,2840,carpet moth treatment near me,10,UNKNOWN,0,0,0,0
7601,2840,gypsy moth exterminator near me,10,UNKNOWN,0,0,0,0
7601,2840,johnson pest control near me,10,LOW,31,0,0,0
7601,2840,lizard control services near me,10,HIGH,89,0,0,0
7601,2840,pest control wasp nest near me,10,MEDIUM,55,0,0,0
7601,2840,humane rat catcher near me,10,HIGH,79,0,0,0
7601,2840,tenting for termites near me,10,HIGH,93,0,0,0
7601,2840,pest control near me for home,10,HIGH,100,0,0,0
7601,2840,closest pest control to me,10,HIGH,100,0,0,0
7601,2840,exterminator near me for carpenter ants,10,HIGH,100,0,0,0
7601,2840,s and s termite,10,UNKNOWN,0,0,0,0
7601,2840,bee gone pest control commercial,10,UNKNOWN,0,0,0,0
7601,2840,wood fumigation services near me,10,HIGH,96,0,0,0
7601,2840,organic tick spraying near me,10,HIGH,100,0,0,0
7601,2840,ladybird pest control,10,MEDIUM,57,0,0,0
7601,2840,exterminator near me for stink bugs,10,UNKNOWN,0,0,0,0
7601,2840,quality affordable pest control,10,LOW,20,0,0,0
7601,2840,the specialist pest control,10,HIGH,79,0,0,0
7601,2840,for cockroach pest control,10,UNKNOWN,0,0,0,0
7601,2840,gopher trapping service near me,10,HIGH,86,0,0,0
7601,2840,wasp nest disposal near me,10,HIGH,100,0,0,0
7601,2840,insect treatment companies near me,10,HIGH,100,0,0,0
7601,2840,bed bug fumigation services near me,10,HIGH,71,0,0,0
7601,2840,outdoor exterminators near me,10,HIGH,100,0,0,0
7601,2840,economy pest control near me,10,MEDIUM,36,0,0,0
7601,2840,natural ant exterminator near me,10,HIGH,86,0,0,0
7601,2840,mosquito busters near me,10,HIGH,86,0,0,0
7601,2840,natural termite control near me,10,HIGH,86,0,0,0
7601,2840,pest inspection cost near me,10,MEDIUM,39,0,0,0
7601,2840,pest control near me for carpenter bees,10,HIGH,100,0,0,0
7601,2840,termite treatment at home price,10,HIGH,71,0,0,0
7601,2840,pest control near me for ticks,10,HIGH,95,0,0,0
7601,2840,pest control services for rats near me,10,MEDIUM,36,0,0,0
7601,2840,rabbit exterminators near me,10,HIGH,100,0,0,0
7601,2840,cheap exterminator for bed bugs near me,10,HIGH,71,0,0,0
7601,2840,bedbugs treatment near me,10,HIGH,70,0,0,0
7601,2840,kitchen pest control near me,10,HIGH,93,0,0,0
7601,2840,exterminator wasp near me,10,HIGH,73,0,0,0
7601,2840,cockroach killer gel near me,10,HIGH,100,0,0,0
7601,2840,get rid of rats near me,10,MEDIUM,57,0,0,0
7601,2840,bee prevention near me,10,MEDIUM,36,0,0,0
7601,2840,terminator company near me,10,HIGH,86,0,0,0
7601,2840,mosquito places near me,10,HIGH,80,0,0,0
7601,2840,mosquito yard control near me,10,HIGH,100,0,0,0
7601,2840,fly removal near me,10,HIGH,99,0,0,0
7601,2840,all bugs pest control,10,LOW,16,0,0,0
7601,2840,chem wise near me,10,LOW,21,0,0,0
7601,2840,local bird removal services,10,HIGH,100,0,0,0
7601,2840,closest exterminator to my location,10,HIGH,95,0,0,0
7601,2840,termite treatment at home near me,10,HIGH,100,0,0,0
7601,2840,exterminators near me for carpenter bees,10,UNKNOWN,0,0,0,0
7601,2840,press control services near me,10,HIGH,100,0,0,0
7601,2840,local bee removal company,10,HIGH,100,0,0,0
7601,2840,pest management professional near me,10,LOW,0,0,0,0
7601,2840,pest control services around me,10,HIGH,79,0,0,0
7601,2840,pest control near me for lizards,10,HIGH,86,0,0,0
7601,2840,pest shield near me,10,MEDIUM,44,0,0,0
7601,2840,contractors termite,10,MEDIUM,64,0,0,0
7601,2840,professional flea control near me,10,HIGH,100,0,0,0
7601,2840,solution for termites at home,10,HIGH,100,0,0,0
7601,2840,caterpillar exterminators near me,10,UNKNOWN,0,0,0,0
7601,2840,hi care termite,10,UNKNOWN,0,0,0,0
7601,2840,pallet fumigation services near me,10,HIGH,79,0,0,0
7601,2840,exterminator for centipedes near me,10,HIGH,100,0,0,0
7601,2840,wasp nest removal in my area,10,HIGH,100,0,0,0
7601,2840,bird mite pest control near me,10,MEDIUM,50,0,0,0
7601,2840,anay treatment near me,10,UNKNOWN,0,0,0,0
7601,2840,misting pest control,10,HIGH,79,0,0,0
7601,2840,wildlife trapping company near me,10,LOW,12,0,0,0
7601,2840,pest control for red ants near me,10,UNKNOWN,0,0,0,0
7601,2840,best gopher control near me,10,HIGH,88,0,0,0
7601,2840,licensed pest inspector near me,10,UNKNOWN,0,0,0,0
7601,2840,presto x pest control near me,10,LOW,13,0,0,0
7601,2840,surrender bug killer near me,10,HIGH,100,0,0,0
7601,2840,udhai pest control,10,UNKNOWN,0,0,0,0
7601,2840,pest trapper near me,10,HIGH,100,0,0,0
7601,2840,pest control point,10,MEDIUM,45,0,0,0
7601,2840,springtail extermination near me,10,UNKNOWN,0,0,0,0
7601,2840,masonry bee removal near me,10,HIGH,100,0,0,0
7601,2840,top 10 pest control near me,10,UNKNOWN,0,0,0,0
7601,2840,permanent solution for termites,10,HIGH,100,0,0,0
7601,2840,flea treatment for home near me,10,HIGH,100,0,0,0
7601,2840,chipmunk exterminators near me,10,HIGH,93,0,0,0
7601,2840,pre construction termite treatment near me,10,MEDIUM,50,0,0,0
7601,2840,green termite control,10,LOW,0,0,0,0
7601,2840,earwig control near me,10,LOW,0,0,0,0
7601,2840,permatreat near me,10,MEDIUM,39,0,0,0
7601,2840,terminate pest control near me,10,MEDIUM,50,0,0,0
7601,2840,gypsy moth treatment near me,10,HIGH,100,0,0,0
7601,2840,wil kil pest control near me,10,LOW,8,0,0,0
7601,2840,perimeter pest control services near me,10,UNKNOWN,0,0,0,0
7601,2840,anti termite near me,10,MEDIUM,46,0,0,0
7601,2840,hired killers near me,10,HIGH,86,0,0,0
7601,2840,spraying for gypsy moths near me,10,UNKNOWN,0,0,0,0
7601,2840,commercial pest management near me,10,LOW,0,0,0,0
7601,2840,steritech pest control near me,10,UNKNOWN,0,0,0,0
7601,2840,bug control in my area,10,HIGH,100,0,0,0
7601,2840,fastrac blox near me,10,HIGH,100,0,0,0
7601,2840,anay control,10,LOW,9,0,0,0
7601,2840,millipede pest control near me,10,HIGH,100,0,0,0
7601,2840,ace exterminating near me,10,LOW,0,0,0,0
7601,2840,ant pest control services near me,10,HIGH,100,0,0,0
7601,2840,ant removal companies near me,10,HIGH,100,0,0,0
7601,2840,bayer pest control near me,10,UNKNOWN,0,0,0,0
7601,2840,bed bug control companies near me,10,HIGH,70,0,0,0
7601,2840,beetle control near me,10,UNKNOWN,0,0,0,0
7601,2840,best mosquito exterminator near me,10,HIGH,76,0,0,0
7601,2840,biological control of termites,10,UNKNOWN,0,0,0,0
7601,2840,bird mite exterminators near me,10,HIGH,86,0,0,0
7601,2840,bt pesticide near me,10,HIGH,100,0,0,0
7601,2840,bumble bee control near me,10,MEDIUM,36,0,0,0
7601,2840,centipede removal near me,10,UNKNOWN,0,0,0,0
7601,2840,central exterminating near me,10,HIGH,71,0,0,0
7601,2840,cheap exterminator for mice near me,10,UNKNOWN,0,0,0,0
7601,2840,cicada killer wasp exterminator near me,10,HIGH,100,0,0,0
7601,2840,cockroach gel near me,10,HIGH,100,0,0,0
7601,2840,cockroach infestation near me,10,HIGH,74,0,0,0
7601,2840,covid fumigation services near me,10,UNKNOWN,0,0,0,0
7601,2840,dixon pest control near me,10,LOW,17,0,0,0
7601,2840,eco bed bug exterminator near me,10,UNKNOWN,0,0,0,0
7601,2840,eco bed bug exterminators near me,10,HIGH,86,0,0,0
7601,2840,ecosmart ant and roach killer near me,10,HIGH,100,0,0,0
7601,2840,exterminator prices for mice near me,10,UNKNOWN,0,0,0,0
7601,2840,fire ant removal near me,10,HIGH,86,0,0,0
7601,2840,fumigation services for covid near me,10,UNKNOWN,0,0,0,0
7601,2840,fumigation team near me,10,HIGH,81,0,0,0
7601,2840,gnat nix near me,10,UNKNOWN,0,0,0,0
7601,2840,gypsy moth control near me,10,UNKNOWN,0,0,0,0
7601,2840,honey bee exterminators near me,10,HIGH,100,0,0,0
7601,2840,house and home pest control,10,LOW,0,0,0,0
7601,2840,insect expert near me,10,UNKNOWN,0,0,0,0
7601,2840,invict gold cockroach gel near me,10,HIGH,100,0,0,0
7601,2840,lentrek termite,10,LOW,29,0,0,0
7601,2840,local rodent removal companies,10,HIGH,95,0,0,0
7601,2840,maxxthor ec near me,10,HIGH,89,0,0,0
7601,2840,molecatcher near me,10,UNKNOWN,0,0,0,0
7601,2840,mosquito elimination near me,10,UNKNOWN,0,0,0,0
7601,2840,mosquito eradicator near me,10,UNKNOWN,0,0,0,0
7601,2840,near me pest control services,10,HIGH,100,0,0,0
7601,2840,odorous ant control near me,10,UNKNOWN,0,0,0,0
7601,2840,pest control at home near me,10,UNKNOWN,0,0,0,0
7601,2840,pest control for foxes near me,10,HIGH,100,0,0,0
7601,2840,pest control near you,10,HIGH,100,0,0,0
7601,2840,pest control services for lizards near me,10,UNKNOWN,0,0,0,0
7601,2840,pest control services near by me,10,UNKNOWN,0,0,0,0
7601,2840,pest extermination service near me,10,HIGH,83,0,0,0
7601,2840,pest removal in my area,10,HIGH,100,0,0,0
7601,2840,pestpop near me,10,MEDIUM,57,0,0,0
7601,2840,premise termite price,10,UNKNOWN,0,0,0,0
7601,2840,professional flea removal near me,10,HIGH,100,0,0,0
7601,2840,repairing termite damaged walls,10,HIGH,71,0,0,0
7601,2840,reptile control services near me,10,HIGH,100,0,0,0
7601,2840,safe pest control companies near me,10,UNKNOWN,0,0,0,0
7601,2840,silverfish control near me,10,HIGH,71,0,0,0
7601,2840,sovereign pest control near me,10,LOW,16,0,0,0
7601,2840,spectracide termite stakes false positive,10,UNKNOWN,0,0,0,0
7601,2840,tata termite,10,UNKNOWN,0,0,0,0
7601,2840,termite companies around me,10,UNKNOWN,0,0,0,0
7601,2840,termite control normal,10,UNKNOWN,0,0,0,0
7601,2840,termite control termite inspection near me,10,UNKNOWN,0,0,0,0
7601,2840,termite control windsor,10,UNKNOWN,0,0,0,0
7601,2840,termite exterminator termite inspection near me,10,UNKNOWN,0,0,0,0
7601,2840,termite on wall treatment,10,HIGH,67,0,0,0
7601,2840,termite treatment normal,10,UNKNOWN,0,0,0,0
7601,2840,termite treatment termite inspection near me,10,UNKNOWN,0,0,0,0
7601,2840,terro wasp and hornet killer near me,10,HIGH,91,0,0,0
7601,2840,top rated pest control annandale,10,UNKNOWN,0,0,0,0
7601,2840,top ten pest control companies near me,10,HIGH,91,0,0,0
7601,2840,vikane fumigation near me,10,HIGH,86,0,0,0
7601,2840,wood infestation inspection near me,10,UNKNOWN,0,0,0,0
7601,2840,zevo bug killer near me,10,HIGH,100,0,0,0
7310,2840,terminix pest & termite control,10,LOW,13,0,0,0
7310,2840,building and pest inspection near me,10,LOW,0,0,0,0
7310,2840,24 hour emergency pest control near me,10,HIGH,89,0,0,0
7310,2840,24 hour pest control services near me,10,HIGH,93,0,0,0
7310,2840,termite barrier cost,10,MEDIUM,38,0,0,0
7310,2840,hulett pest control near me,10,LOW,24,0,0,0
7310,2840,rat company near me,10,MEDIUM,43,0,0,0
7310,2840,bedbugs control services,10,MEDIUM,43,0,0,0
7310,2840,24 hour bed bug exterminator near me,10,HIGH,89,0,0,0
7310,2840,npma 33 pest inspection near me,10,HIGH,93,0,0,0
7310,2840,termite inspection central coast,10,LOW,31,0,0,0
7310,2840,rat trappers near me,10,HIGH,94,0,0,0
7310,2840,cheap mice exterminators near me,10,MEDIUM,62,0,0,0
7310,2840,flick termite,10,UNKNOWN,0,0,0,0
7310,2840,fantastic services pest control,10,MEDIUM,57,0,0,0
7310,2840,bug exterminator near me cost,10,HIGH,86,0,0,0
7310,2840,mosquito defense near me,10,HIGH,90,0,0,0
7310,2840,deemak control,10,UNKNOWN,0,0,0,0
7310,2840,eco friendly termite control near me,10,HIGH,95,0,0,0
7310,2840,pestban near me,10,LOW,7,0,0,0
7310,2840,exterminator near me 24 hours,10,HIGH,95,0,0,0
7310,2840,termite removal companies near me,10,HIGH,71,0,0,0
7310,2840,spectracide terminate termite killing stakes,10,MEDIUM,47,0,0,0
7310,2840,pest control for birds near me,10,HIGH,75,0,0,0
7310,2840,attic pest removal service near me,10,UNKNOWN,0,0,0,0
7310,2840,possum pest control near me,10,HIGH,80,0,0,0
7310,2840,critter exterminators near me,10,HIGH,90,0,0,0
7310,2840,local pest experts,10,LOW,21,0,0,0
7310,2840,white ant treatment near me,10,UNKNOWN,0,0,0,0
7310,2840,local bee exterminators in my area,10,MEDIUM,61,0,0,0
7310,2840,pest control pigeons near me,10,HIGH,86,0,0,0
7310,2840,termite protection barrier,10,HIGH,71,0,0,0
7310,2840,termite pest inspection near me,10,HIGH,93,0,0,0
7310,2840,best pest control near me for bed bugs,10,HIGH,100,0,0,0
7310,2840,carpet and pest control near me,10,UNKNOWN,0,0,0,0
7310,2840,nearest exterminator near me,10,UNKNOWN,0,0,0,0
7310,2840,orkin near me prices,10,UNKNOWN,0,0,0,0
7310,2840,pest control near by me,10,HIGH,100,0,0,0
7310,2840,anti termite treatment near me,10,UNKNOWN,0,0,0,0
7310,2840,critter trapper near me,10,HIGH,76,0,0,0
7310,2840,pest control birds near me,10,HIGH,100,0,0,0
7310,2840,roof rat control near me,10,HIGH,100,0,0,0
7310,2840,pest control near me for mosquitoes,10,HIGH,81,0,0,0
7310,2840,nearest pest control to me,10,HIGH,100,0,0,0
7310,2840,bark pest control,10,HIGH,88,0,0,0
7310,2840,cheap exterminator for roaches near me,10,HIGH,86,0,0,0
7310,2840,bug guys pest control near me,10,HIGH,71,0,0,0
7310,2840,pest control mosquito near me,10,HIGH,100,0,0,0
7310,2840,pest control near me for squirrels,10,UNKNOWN,0,0,0,0
7310,2840,rat killer service near me,10,HIGH,86,0,0,0
7310,2840,organic termite control near me,10,HIGH,86,0,0,0
7310,2840,lizard catcher near me,10,HIGH,86,0,0,0
7310,2840,best fumigation company,10,HIGH,95,0,0,0
7310,2840,house tenting for termites near me,10,HIGH,77,0,0,0
7310,2840,best pest control near me for rats,10,MEDIUM,52,0,0,0
7310,2840,cockroach pest control services near me,10,LOW,5,0,0,0
7310,2840,pest control natural near me,10,HIGH,81,0,0,0
7310,2840,building and pest inspections near me,10,UNKNOWN,0,0,0,0
7310,2840,pest control near me birds,10,HIGH,100,0,0,0
7310,2840,domestic pest control near me,10,HIGH,69,0,0,0
7310,2840,pest control charges near me,10,HIGH,83,0,0,0
7310,2840,termite pre treatment for new construction near me,10,HIGH,86,0,0,0
7310,2840,stink bug pest control near me,10,HIGH,89,0,0,0
7310,2840,cheap fumigation near me,10,HIGH,100,0,0,0
7310,2840,tick and mosquito treatment near me,10,HIGH,83,0,0,0
7310,2840,local pest control companies in my area,10,MEDIUM,56,0,0,0
7310,2840,termite solutions pest control,10,HIGH,68,0,0,0
7310,2840,wasp company near me,10,MEDIUM,64,0,0,0
7310,2840,mice fumigation near me,10,HIGH,97,0,0,0
7310,2840,in wall pest control near me,10,HIGH,93,0,0,0
7310,2840,woodpecker pest control services near me,10,UNKNOWN,0,0,0,0
7310,2840,fly control services near me,10,HIGH,100,0,0,0
7310,2840,vole control companies near me,10,UNKNOWN,0,0,0,0
7310,2840,pest control near me orkin,10,HIGH,89,0,0,0
7310,2840,wood bee exterminator near me,10,HIGH,100,0,0,0
7310,2840,home fumigation services near me,10,HIGH,84,0,0,0
7310,2840,green pest control companies near me,10,HIGH,86,0,0,0
7310,2840,vault fumigation near me,10,HIGH,71,0,0,0
7310,2840,mice extermination companies near me,10,HIGH,79,0,0,0
7310,2840,vermin pest control near me,10,HIGH,79,0,0,0
7310,2840,trugreen pest control near me,10,LOW,14,0,0,0
7310,2840,insect specialist near me,10,HIGH,86,0,0,0
7310,2840,exterminator for ticks near me,10,HIGH,100,0,0,0
7310,2840,box elder bug removal near me,10,HIGH,100,0,0,0
7310,2840,pet safe exterminators near me,10,HIGH,70,0,0,0
7310,2840,pest control near to me,10,HIGH,100,0,0,0
7310,2840,control pest control near me,10,MEDIUM,43,0,0,0
7310,2840,pest control for carpenter bees near me,10,HIGH,100,0,0,0
7310,2840,local termite inspection companies,10,HIGH,82,0,0,0
7310,2840,exterminators bed bugs near me,10,HIGH,84,0,0,0
7310,2840,pest control ticks near me,10,HIGH,100,0,0,0
7310,2840,roach inspections near me,10,HIGH,100,0,0,0
7310,2840,wasp and bee pest control near me,10,HIGH,100,0,0,0
7310,2840,general pest control treatment,10,LOW,14,0,0,0
7310,2840,bed bug pest control companies near me,10,HIGH,91,0,0,0
7310,2840,professional rat removal near me,10,HIGH,81,0,0,0
7310,2840,moth removal service near me,10,HIGH,93,0,0,0
7310,2840,bagworm exterminators near me,10,HIGH,94,0,0,0
7310,2840,flying ant exterminator near me,10,HIGH,86,0,0,0
7310,2840,removal of wasps nests near me,10,HIGH,100,0,0,0
7310,2840,orkin pest control near my location,10,HIGH,86,0,0,0
7310,2840,gopher exterminators in my area,10,HIGH,71,0,0,0
7310,2840,24 hour critter removal near me,10,HIGH,67,0,0,0
7310,2840,rentokil north america near me,10,LOW,2,0,0,0
7310,2840,industrial pest control services near me,10,HIGH,100,0,0,0
7310,2840,allgood pest control near me,10,LOW,29,0,0,0
7310,2840,pest control for termites price,10,HIGH,100,0,0,0
7310,2840,evergreen pest control near me,10,HIGH,71,0,0,0
7310,2840,thermal pest control near me,10,HIGH,100,0,0,0
7310,2840,bee spraying service near me,10,HIGH,98,0,0,0
7310,2840,rodent removal in my area,10,HIGH,100,0,0,0
7310,2840,near by pest control,10,HIGH,100,0,0,0
7310,2840,drain flies exterminator near me,10,HIGH,79,0,0,0
7310,2840,exterminateur near me,10,LOW,29,0,0,0
7310,2840,bird mite specialist near me,10,HIGH,95,0,0,0
7310,2840,infestation control near me,10,HIGH,95,0,0,0
7310,2840,roach exterminators in my area,10,MEDIUM,55,0,0,0
7310,2840,gypsy moth spraying near me,10,LOW,29,0,0,0
7310,2840,pest killers near me,10,UNKNOWN,0,0,0,0
7310,2840,insecticide service near me,10,HIGH,100,0,0,0
7310,2840,moth fumigation near me,10,MEDIUM,34,0,0,0
7310,2840,thomas pest control near me,10,MEDIUM,39,0,0,0
7310,2840,x terminator pest control near me,10,LOW,13,0,0,0
7310,2840,vermin catcher near me,10,HIGH,100,0,0,0
7310,2840,orkin hours near me,10,LOW,6,0,0,0
7310,2840,mosquito mary's near me,10,LOW,0,0,0,0
7310,2840,pest control firms near me,10,HIGH,73,0,0,0
7310,2840,batzner near me,10,LOW,24,0,0,0
7310,2840,exterminator near me for flies,10,HIGH,80,0,0,0
7310,2840,mosquito pest control companies near me,10,HIGH,90,0,0,0
7310,2840,deemak pest control,10,UNKNOWN,0,0,0,0
7310,2840,carpet moth treatment near me,10,UNKNOWN,0,0,0,0
7310,2840,gypsy moth exterminator near me,10,UNKNOWN,0,0,0,0
7310,2840,johnson pest control near me,10,LOW,31,0,0,0
7310,2840,lizard control services near me,10,HIGH,89,0,0,0
7310,2840,pest control wasp nest near me,10,MEDIUM,55,0,0,0
7310,2840,humane rat catcher near me,10,HIGH,79,0,0,0
7310,2840,tenting for termites near me,10,HIGH,93,0,0,0
7310,2840,pest control near me for home,10,HIGH,100,0,0,0
7310,2840,closest pest control to me,10,HIGH,100,0,0,0
7310,2840,exterminator near me for carpenter ants,10,HIGH,100,0,0,0
7310,2840,s and s termite,10,UNKNOWN,0,0,0,0
7310,2840,bee gone pest control commercial,10,UNKNOWN,0,0,0,0
7310,2840,wood fumigation services near me,10,HIGH,96,0,0,0
7310,2840,organic tick spraying near me,10,HIGH,100,0,0,0
7310,2840,ladybird pest control,10,MEDIUM,57,0,0,0
7310,2840,exterminator near me for stink bugs,10,UNKNOWN,0,0,0,0
7310,2840,quality affordable pest control,10,LOW,20,0,0,0
7310,2840,the specialist pest control,10,HIGH,79,0,0,0
7310,2840,for cockroach pest control,10,UNKNOWN,0,0,0,0
7310,2840,gopher trapping service near me,10,HIGH,86,0,0,0
7310,2840,wasp nest disposal near me,10,HIGH,100,0,0,0
7310,2840,insect treatment companies near me,10,HIGH,100,0,0,0
7310,2840,bed bug fumigation services near me,10,HIGH,71,0,0,0
7310,2840,outdoor exterminators near me,10,HIGH,100,0,0,0
7310,2840,economy pest control near me,10,MEDIUM,36,0,0,0
7310,2840,natural ant exterminator near me,10,HIGH,86,0,0,0
7310,2840,mosquito busters near me,10,HIGH,86,0,0,0
7310,2840,natural termite control near me,10,HIGH,86,0,0,0
7310,2840,pest inspection cost near me,10,MEDIUM,39,0,0,0
7310,2840,pest control near me for carpenter bees,10,HIGH,100,0,0,0
7310,2840,termite treatment at home price,10,HIGH,71,0,0,0
7310,2840,pest control near me for ticks,10,HIGH,95,0,0,0
7310,2840,pest control services for rats near me,10,MEDIUM,36,0,0,0
7310,2840,rabbit exterminators near me,10,HIGH,100,0,0,0
7310,2840,cheap exterminator for bed bugs near me,10,HIGH,71,0,0,0
7310,2840,bedbugs treatment near me,10,HIGH,70,0,0,0
7310,2840,kitchen pest control near me,10,HIGH,93,0,0,0
7310,2840,exterminator wasp near me,10,HIGH,73,0,0,0
7310,2840,cockroach killer gel near me,10,HIGH,100,0,0,0
7310,2840,get rid of rats near me,10,MEDIUM,57,0,0,0
7310,2840,bee prevention near me,10,MEDIUM,36,0,0,0
7310,2840,terminator company near me,10,HIGH,86,0,0,0
7310,2840,mosquito places near me,10,HIGH,80,0,0,0
7310,2840,mosquito yard control near me,10,HIGH,100,0,0,0
7310,2840,fly removal near me,10,HIGH,99,0,0,0
7310,2840,all bugs pest control,10,LOW,16,0,0,0
7310,2840,chem wise near me,10,LOW,21,0,0,0
7310,2840,local bird removal services,10,HIGH,100,0,0,0
7310,2840,closest exterminator to my location,10,HIGH,95,0,0,0
7310,2840,termite treatment at home near me,10,HIGH,100,0,0,0
7310,2840,exterminators near me for carpenter bees,10,UNKNOWN,0,0,0,0
7310,2840,press control services near me,10,HIGH,100,0,0,0
7310,2840,local bee removal company,10,HIGH,100,0,0,0
7310,2840,pest management professional near me,10,LOW,0,0,0,0
7310,2840,pest control services around me,10,HIGH,79,0,0,0
7310,2840,pest control near me for lizards,10,HIGH,86,0,0,0
7310,2840,pest shield near me,10,MEDIUM,44,0,0,0
7310,2840,contractors termite,10,MEDIUM,64,0,0,0
7310,2840,professional flea control near me,10,HIGH,100,0,0,0
7310,2840,solution for termites at home,10,HIGH,100,0,0,0
7310,2840,caterpillar exterminators near me,10,UNKNOWN,0,0,0,0
7310,2840,hi care termite,10,UNKNOWN,0,0,0,0
7310,2840,pallet fumigation services near me,10,HIGH,79,0,0,0
7310,2840,exterminator for centipedes near me,10,HIGH,100,0,0,0
7310,2840,wasp nest removal in my area,10,HIGH,100,0,0,0
7310,2840,bird mite pest control near me,10,MEDIUM,50,0,0,0
7310,2840,anay treatment near me,10,UNKNOWN,0,0,0,0
7310,2840,misting pest control,10,HIGH,79,0,0,0
7310,2840,wildlife trapping company near me,10,LOW,12,0,0,0
7310,2840,pest control for red ants near me,10,UNKNOWN,0,0,0,0
7310,2840,best gopher control near me,10,HIGH,88,0,0,0
7310,2840,licensed pest inspector near me,10,UNKNOWN,0,0,0,0
7310,2840,presto x pest control near me,10,LOW,13,0,0,0
7310,2840,surrender bug killer near me,10,HIGH,100,0,0,0
7310,2840,udhai pest control,10,UNKNOWN,0,0,0,0
7310,2840,pest trapper near me,10,HIGH,100,0,0,0
7310,2840,pest control point,10,MEDIUM,45,0,0,0
7310,2840,springtail extermination near me,10,UNKNOWN,0,0,0,0
7310,2840,masonry bee removal near me,10,HIGH,100,0,0,0
7310,2840,top 10 pest control near me,10,UNKNOWN,0,0,0,0
7310,2840,permanent solution for termites,10,HIGH,100,0,0,0
7310,2840,flea treatment for home near me,10,HIGH,100,0,0,0
7310,2840,chipmunk exterminators near me,10,HIGH,93,0,0,0
7310,2840,pre construction termite treatment near me,10,MEDIUM,50,0,0,0
7310,2840,green termite control,10,LOW,0,0,0,0
7310,2840,earwig control near me,10,LOW,0,0,0,0
7310,2840,permatreat near me,10,MEDIUM,39,0,0,0
7310,2840,terminate pest control near me,10,MEDIUM,50,0,0,0
7310,2840,gypsy moth treatment near me,10,HIGH,100,0,0,0
7310,2840,wil kil pest control near me,10,LOW,8,0,0,0
7310,2840,perimeter pest control services near me,10,UNKNOWN,0,0,0,0
7310,2840,anti termite near me,10,MEDIUM,46,0,0,0
7310,2840,hired killers near me,10,HIGH,86,0,0,0
7310,2840,spraying for gypsy moths near me,10,UNKNOWN,0,0,0,0
7310,2840,commercial pest management near me,10,LOW,0,0,0,0
7310,2840,steritech pest control near me,10,UNKNOWN,0,0,0,0
7310,2840,bug control in my area,10,HIGH,100,0,0,0
7310,2840,fastrac blox near me,10,HIGH,100,0,0,0
7310,2840,anay control,10,LOW,9,0,0,0
7310,2840,millipede pest control near me,10,HIGH,100,0,0,0
7310,2840,ace exterminating near me,10,LOW,0,0,0,0
7310,2840,ant pest control services near me,10,HIGH,100,0,0,0
7310,2840,ant removal companies near me,10,HIGH,100,0,0,0
7310,2840,bayer pest control near me,10,UNKNOWN,0,0,0,0
7310,2840,bed bug control companies near me,10,HIGH,70,0,0,0
7310,2840,beetle control near me,10,UNKNOWN,0,0,0,0
7310,2840,best mosquito exterminator near me,10,HIGH,76,0,0,0
7310,2840,biological control of termites,10,UNKNOWN,0,0,0,0
7310,2840,bird mite exterminators near me,10,HIGH,86,0,0,0
7310,2840,bt pesticide near me,10,HIGH,100,0,0,0
7310,2840,bumble bee control near me,10,MEDIUM,36,0,0,0
7310,2840,centipede removal near me,10,UNKNOWN,0,0,0,0
7310,2840,central exterminating near me,10,HIGH,71,0,0,0
7310,2840,cheap exterminator for mice near me,10,UNKNOWN,0,0,0,0
7310,2840,cicada killer wasp exterminator near me,10,HIGH,100,0,0,0
7310,2840,cockroach gel near me,10,HIGH,100,0,0,0
7310,2840,cockroach infestation near me,10,HIGH,74,0,0,0
7310,2840,covid fumigation services near me,10,UNKNOWN,0,0,0,0
7310,2840,dixon pest control near me,10,LOW,17,0,0,0
7310,2840,eco bed bug exterminator near me,10,UNKNOWN,0,0,0,0
7310,2840,eco bed bug exterminators near me,10,HIGH,86,0,0,0
7310,2840,ecosmart ant and roach killer near me,10,HIGH,100,0,0,0
7310,2840,exterminator prices for mice near me,10,UNKNOWN,0,0,0,0
7310,2840,fire ant removal near me,10,HIGH,86,0,0,0
7310,2840,fumigation services for covid near me,10,UNKNOWN,0,0,0,0
7310,2840,fumigation team near me,10,HIGH,81,0,0,0
7310,2840,gnat nix near me,10,UNKNOWN,0,0,0,0
7310,2840,gypsy moth control near me,10,UNKNOWN,0,0,0,0
7310,2840,honey bee exterminators near me,10,HIGH,100,0,0,0
7310,2840,house and home pest control,10,LOW,0,0,0,0
7310,2840,insect expert near me,10,UNKNOWN,0,0,0,0
7310,2840,invict gold cockroach gel near me,10,HIGH,100,0,0,0
7310,2840,lentrek termite,10,LOW,29,0,0,0
7310,2840,local rodent removal companies,10,HIGH,95,0,0,0
7310,2840,maxxthor ec near me,10,HIGH,89,0,0,0
7310,2840,molecatcher near me,10,UNKNOWN,0,0,0,0
7310,2840,mosquito elimination near me,10,UNKNOWN,0,0,0,0
7310,2840,mosquito eradicator near me,10,UNKNOWN,0,0,0,0
7310,2840,near me pest control services,10,HIGH,100,0,0,0
7310,2840,odorous ant control near me,10,UNKNOWN,0,0,0,0
7310,2840,pest control at home near me,10,UNKNOWN,0,0,0,0
7310,2840,pest control for foxes near me,10,HIGH,100,0,0,0
7310,2840,pest control near you,10,HIGH,100,0,0,0
7310,2840,pest control services for lizards near me,10,UNKNOWN,0,0,0,0
7310,2840,pest control services near by me,10,UNKNOWN,0,0,0,0
7310,2840,pest extermination service near me,10,HIGH,83,0,0,0
7310,2840,pest removal in my area,10,HIGH,100,0,0,0
7310,2840,pestpop near me,10,MEDIUM,57,0,0,0
7310,2840,premise termite price,10,UNKNOWN,0,0,0,0
7310,2840,professional flea removal near me,10,HIGH,100,0,0,0
7310,2840,repairing termite damaged walls,10,HIGH,71,0,0,0
7310,2840,reptile control services near me,10,HIGH,100,0,0,0
7310,2840,safe pest control companies near me,10,UNKNOWN,0,0,0,0
7310,2840,silverfish control near me,10,HIGH,71,0,0,0
7310,2840,sovereign pest control near me,10,LOW,16,0,0,0
7310,2840,spectracide termite stakes false positive,10,UNKNOWN,0,0,0,0
7310,2840,tata termite,10,UNKNOWN,0,0,0,0
7310,2840,termite companies around me,10,UNKNOWN,0,0,0,0
7310,2840,termite control normal,10,UNKNOWN,0,0,0,0
7310,2840,termite control termite inspection near me,10,UNKNOWN,0,0,0,0
7310,2840,termite control windsor,10,UNKNOWN,0,0,0,0
7310,2840,termite exterminator termite inspection near me,10,UNKNOWN,0,0,0,0
7310,2840,termite on wall treatment,10,HIGH,67,0,0,0
7310,2840,termite treatment normal,10,UNKNOWN,0,0,0,0
7310,2840,termite treatment termite inspection near me,10,UNKNOWN,0,0,0,0
7310,2840,terro wasp and hornet killer near me,10,HIGH,91,0,0,0
7310,2840,top rated pest control annandale,10,UNKNOWN,0,0,0,0
7310,2840,top ten pest control companies near me,10,HIGH,91,0,0,0
7310,2840,vikane fumigation near me,10,HIGH,86,0,0,0
7310,2840,wood infestation inspection near me,10,UNKNOWN,0,0,0,0
7310,2840,zevo bug killer near me,10,HIGH,100,0,0,0
46107,2840,terminix pest & termite control,10,LOW,13,0,0,0
46107,2840,building and pest inspection near me,10,LOW,0,0,0,0
46107,2840,24 hour emergency pest control near me,10,HIGH,89,0,0,0
46107,2840,24 hour pest control services near me,10,HIGH,93,0,0,0
46107,2840,termite barrier cost,10,MEDIUM,38,0,0,0
46107,2840,hulett pest control near me,10,LOW,24,0,0,0
46107,2840,rat company near me,10,MEDIUM,43,0,0,0
46107,2840,bedbugs control services,10,MEDIUM,43,0,0,0
46107,2840,24 hour bed bug exterminator near me,10,HIGH,89,0,0,0
46107,2840,npma 33 pest inspection near me,10,HIGH,93,0,0,0
46107,2840,termite inspection central coast,10,LOW,31,0,0,0
46107,2840,rat trappers near me,10,HIGH,94,0,0,0
46107,2840,cheap mice exterminators near me,10,MEDIUM,62,0,0,0
46107,2840,flick termite,10,UNKNOWN,0,0,0,0
46107,2840,fantastic services pest control,10,MEDIUM,57,0,0,0
46107,2840,bug exterminator near me cost,10,HIGH,86,0,0,0
46107,2840,mosquito defense near me,10,HIGH,90,0,0,0
46107,2840,deemak control,10,UNKNOWN,0,0,0,0
46107,2840,eco friendly termite control near me,10,HIGH,95,0,0,0
46107,2840,pestban near me,10,LOW,7,0,0,0
46107,2840,exterminator near me 24 hours,10,HIGH,95,0,0,0
46107,2840,termite removal companies near me,10,HIGH,71,0,0,0
46107,2840,spectracide terminate termite killing stakes,10,MEDIUM,47,0,0,0
46107,2840,pest control for birds near me,10,HIGH,75,0,0,0
46107,2840,attic pest removal service near me,10,UNKNOWN,0,0,0,0
46107,2840,possum pest control near me,10,HIGH,80,0,0,0
46107,2840,critter exterminators near me,10,HIGH,90,0,0,0
46107,2840,local pest experts,10,LOW,21,0,0,0
46107,2840,white ant treatment near me,10,UNKNOWN,0,0,0,0
46107,2840,local bee exterminators in my area,10,MEDIUM,61,0,0,0
46107,2840,pest control pigeons near me,10,HIGH,86,0,0,0
46107,2840,termite protection barrier,10,HIGH,71,0,0,0
46107,2840,termite pest inspection near me,10,HIGH,93,0,0,0
46107,2840,best pest control near me for bed bugs,10,HIGH,100,0,0,0
46107,2840,carpet and pest control near me,10,UNKNOWN,0,0,0,0
46107,2840,nearest exterminator near me,10,UNKNOWN,0,0,0,0
46107,2840,orkin near me prices,10,UNKNOWN,0,0,0,0
46107,2840,pest control near by me,10,HIGH,100,0,0,0
46107,2840,anti termite treatment near me,10,UNKNOWN,0,0,0,0
46107,2840,critter trapper near me,10,HIGH,76,0,0,0
46107,2840,pest control birds near me,10,HIGH,100,0,0,0
46107,2840,roof rat control near me,10,HIGH,100,0,0,0
46107,2840,pest control near me for mosquitoes,10,HIGH,81,0,0,0
46107,2840,nearest pest control to me,10,HIGH,100,0,0,0
46107,2840,bark pest control,10,HIGH,88,0,0,0
46107,2840,cheap exterminator for roaches near me,10,HIGH,86,0,0,0
46107,2840,bug guys pest control near me,10,HIGH,71,0,0,0
46107,2840,pest control mosquito near me,10,HIGH,100,0,0,0
46107,2840,pest control near me for squirrels,10,UNKNOWN,0,0,0,0
46107,2840,rat killer service near me,10,HIGH,86,0,0,0
46107,2840,organic termite control near me,10,HIGH,86,0,0,0
46107,2840,lizard catcher near me,10,HIGH,86,0,0,0
46107,2840,best fumigation company,10,HIGH,95,0,0,0
46107,2840,house tenting for termites near me,10,HIGH,77,0,0,0
46107,2840,best pest control near me for rats,10,MEDIUM,52,0,0,0
46107,2840,cockroach pest control services near me,10,LOW,5,0,0,0
46107,2840,pest control natural near me,10,HIGH,81,0,0,0
46107,2840,building and pest inspections near me,10,UNKNOWN,0,0,0,0
46107,2840,pest control near me birds,10,HIGH,100,0,0,0
46107,2840,domestic pest control near me,10,HIGH,69,0,0,0
46107,2840,pest control charges near me,10,HIGH,83,0,0,0
46107,2840,termite pre treatment for new construction near me,10,HIGH,86,0,0,0
46107,2840,stink bug pest control near me,10,HIGH,89,0,0,0
46107,2840,cheap fumigation near me,10,HIGH,100,0,0,0
46107,2840,tick and mosquito treatment near me,10,HIGH,83,0,0,0
46107,2840,local pest control companies in my area,10,MEDIUM,56,0,0,0
46107,2840,termite solutions pest control,10,HIGH,68,0,0,0
46107,2840,wasp company near me,10,MEDIUM,64,0,0,0
46107,2840,mice fumigation near me,10,HIGH,97,0,0,0
46107,2840,in wall pest control near me,10,HIGH,93,0,0,0
46107,2840,woodpecker pest control services near me,10,UNKNOWN,0,0,0,0
46107,2840,fly control services near me,10,HIGH,100,0,0,0
46107,2840,vole control companies near me,10,UNKNOWN,0,0,0,0
46107,2840,pest control near me orkin,10,HIGH,89,0,0,0
46107,2840,wood bee exterminator near me,10,HIGH,100,0,0,0
46107,2840,home fumigation services near me,10,HIGH,84,0,0,0
46107,2840,green pest control companies near me,10,HIGH,86,0,0,0
46107,2840,vault fumigation near me,10,HIGH,71,0,0,0
46107,2840,mice extermination companies near me,10,HIGH,79,0,0,0
46107,2840,vermin pest control near me,10,HIGH,79,0,0,0
46107,2840,trugreen pest control near me,10,LOW,14,0,0,0
46107,2840,insect specialist near me,10,HIGH,86,0,0,0
46107,2840,exterminator for ticks near me,10,HIGH,100,0,0,0
46107,2840,box elder bug removal near me,10,HIGH,100,0,0,0
46107,2840,pet safe exterminators near me,10,HIGH,70,0,0,0
46107,2840,pest control near to me,10,HIGH,100,0,0,0
46107,2840,control pest control near me,10,MEDIUM,43,0,0,0
46107,2840,pest control for carpenter bees near me,10,HIGH,100,0,0,0
46107,2840,local termite inspection companies,10,HIGH,82,0,0,0
46107,2840,exterminators bed bugs near me,10,HIGH,84,0,0,0
46107,2840,pest control ticks near me,10,HIGH,100,0,0,0
46107,2840,roach inspections near me,10,HIGH,100,0,0,0
46107,2840,wasp and bee pest control near me,10,HIGH,100,0,0,0
46107,2840,general pest control treatment,10,LOW,14,0,0,0
46107,2840,bed bug pest control companies near me,10,HIGH,91,0,0,0
46107,2840,professional rat removal near me,10,HIGH,81,0,0,0
46107,2840,moth removal service near me,10,HIGH,93,0,0,0
46107,2840,bagworm exterminators near me,10,HIGH,94,0,0,0
46107,2840,flying ant exterminator near me,10,HIGH,86,0,0,0
46107,2840,removal of wasps nests near me,10,HIGH,100,0,0,0
46107,2840,orkin pest control near my location,10,HIGH,86,0,0,0
46107,2840,gopher exterminators in my area,10,HIGH,71,0,0,0
46107,2840,24 hour critter removal near me,10,HIGH,67,0,0,0
46107,2840,rentokil north america near me,10,LOW,2,0,0,0
46107,2840,industrial pest control services near me,10,HIGH,100,0,0,0
46107,2840,allgood pest control near me,10,LOW,29,0,0,0
46107,2840,pest control for termites price,10,HIGH,100,0,0,0
46107,2840,evergreen pest control near me,10,HIGH,71,0,0,0
46107,2840,thermal pest control near me,10,HIGH,100,0,0,0
46107,2840,bee spraying service near me,10,HIGH,98,0,0,0
46107,2840,rodent removal in my area,10,HIGH,100,0,0,0
46107,2840,near by pest control,10,HIGH,100,0,0,0
46107,2840,drain flies exterminator near me,10,HIGH,79,0,0,0
46107,2840,exterminateur near me,10,LOW,29,0,0,0
46107,2840,bird mite specialist near me,10,HIGH,95,0,0,0
46107,2840,infestation control near me,10,HIGH,95,0,0,0
46107,2840,roach exterminators in my area,10,MEDIUM,55,0,0,0
46107,2840,gypsy moth spraying near me,10,LOW,29,0,0,0
46107,2840,pest killers near me,10,UNKNOWN,0,0,0,0
46107,2840,insecticide service near me,10,HIGH,100,0,0,0
46107,2840,moth fumigation near me,10,MEDIUM,34,0,0,0
46107,2840,thomas pest control near me,10,MEDIUM,39,0,0,0
46107,2840,x terminator pest control near me,10,LOW,13,0,0,0
46107,2840,vermin catcher near me,10,HIGH,100,0,0,0
46107,2840,orkin hours near me,10,LOW,6,0,0,0
46107,2840,mosquito mary's near me,10,LOW,0,0,0,0
46107,2840,pest control firms near me,10,HIGH,73,0,0,0
46107,2840,batzner near me,10,LOW,24,0,0,0
46107,2840,exterminator near me for flies,10,HIGH,80,0,0,0
46107,2840,mosquito pest control companies near me,10,HIGH,90,0,0,0
46107,2840,deemak pest control,10,UNKNOWN,0,0,0,0
46107,2840,carpet moth treatment near me,10,UNKNOWN,0,0,0,0
46107,2840,gypsy moth exterminator near me,10,UNKNOWN,0,0,0,0
46107,2840,johnson pest control near me,10,LOW,31,0,0,0
46107,2840,lizard control services near me,10,HIGH,89,0,0,0
46107,2840,pest control wasp nest near me,10,MEDIUM,55,0,0,0
46107,2840,humane rat catcher near me,10,HIGH,79,0,0,0
46107,2840,tenting for termites near me,10,HIGH,93,0,0,0
46107,2840,pest control near me for home,10,HIGH,100,0,0,0
46107,2840,closest pest control to me,10,HIGH,100,0,0,0
46107,2840,exterminator near me for carpenter ants,10,HIGH,100,0,0,0
46107,2840,s and s termite,10,UNKNOWN,0,0,0,0
46107,2840,bee gone pest control commercial,10,UNKNOWN,0,0,0,0
46107,2840,wood fumigation services near me,10,HIGH,96,0,0,0
46107,2840,organic tick spraying near me,10,HIGH,100,0,0,0
46107,2840,ladybird pest control,10,MEDIUM,57,0,0,0
46107,2840,exterminator near me for stink bugs,10,UNKNOWN,0,0,0,0
46107,2840,quality affordable pest control,10,LOW,20,0,0,0
46107,2840,the specialist pest control,10,HIGH,79,0,0,0
46107,2840,for cockroach pest control,10,UNKNOWN,0,0,0,0
46107,2840,gopher trapping service near me,10,HIGH,86,0,0,0
46107,2840,wasp nest disposal near me,10,HIGH,100,0,0,0
46107,2840,insect treatment companies near me,10,HIGH,100,0,0,0
46107,2840,bed bug fumigation services near me,10,HIGH,71,0,0,0
46107,2840,outdoor exterminators near me,10,HIGH,100,0,0,0
46107,2840,economy pest control near me,10,MEDIUM,36,0,0,0
46107,2840,natural ant exterminator near me,10,HIGH,86,0,0,0
46107,2840,mosquito busters near me,10,HIGH,86,0,0,0
46107,2840,natural termite control near me,10,HIGH,86,0,0,0
46107,2840,pest inspection cost near me,10,MEDIUM,39,0,0,0
46107,2840,pest control near me for carpenter bees,10,HIGH,100,0,0,0
46107,2840,termite treatment at home price,10,HIGH,71,0,0,0
46107,2840,pest control near me for ticks,10,HIGH,95,0,0,0
46107,2840,pest control services for rats near me,10,MEDIUM,36,0,0,0
46107,2840,rabbit exterminators near me,10,HIGH,100,0,0,0
46107,2840,cheap exterminator for bed bugs near me,10,HIGH,71,0,0,0
46107,2840,bedbugs treatment near me,10,HIGH,70,0,0,0
46107,2840,kitchen pest control near me,10,HIGH,93,0,0,0
46107,2840,exterminator wasp near me,10,HIGH,73,0,0,0
46107,2840,cockroach killer gel near me,10,HIGH,100,0,0,0
46107,2840,get rid of rats near me,10,MEDIUM,57,0,0,0
46107,2840,bee prevention near me,10,MEDIUM,36,0,0,0
46107,2840,terminator company near me,10,HIGH,86,0,0,0
46107,2840,mosquito places near me,10,HIGH,80,0,0,0
46107,2840,mosquito yard control near me,10,HIGH,100,0,0,0
46107,2840,fly removal near me,10,HIGH,99,0,0,0
46107,2840,all bugs pest control,10,LOW,16,0,0,0
46107,2840,chem wise near me,10,LOW,21,0,0,0
46107,2840,local bird removal services,10,HIGH,100,0,0,0
46107,2840,closest exterminator to my location,10,HIGH,95,0,0,0
46107,2840,termite treatment at home near me,10,HIGH,100,0,0,0
46107,2840,exterminators near me for carpenter bees,10,UNKNOWN,0,0,0,0
46107,2840,press control services near me,10,HIGH,100,0,0,0
46107,2840,local bee removal company,10,HIGH,100,0,0,0
46107,2840,pest management professional near me,10,LOW,0,0,0,0
46107,2840,pest control services around me,10,HIGH,79,0,0,0
46107,2840,pest control near me for lizards,10,HIGH,86,0,0,0
46107,2840,pest shield near me,10,MEDIUM,44,0,0,0
46107,2840,contractors termite,10,MEDIUM,64,0,0,0
46107,2840,professional flea control near me,10,HIGH,100,0,0,0
46107,2840,solution for termites at home,10,HIGH,100,0,0,0
46107,2840,caterpillar exterminators near me,10,UNKNOWN,0,0,0,0
46107,2840,hi care termite,10,UNKNOWN,0,0,0,0
46107,2840,pallet fumigation services near me,10,HIGH,79,0,0,0
46107,2840,exterminator for centipedes near me,10,HIGH,100,0,0,0
46107,2840,wasp nest removal in my area,10,HIGH,100,0,0,0
46107,2840,bird mite pest control near me,10,MEDIUM,50,0,0,0
46107,2840,anay treatment near me,10,UNKNOWN,0,0,0,0
46107,2840,misting pest control,10,HIGH,79,0,0,0
46107,2840,wildlife trapping company near me,10,LOW,12,0,0,0
46107,2840,pest control for red ants near me,10,UNKNOWN,0,0,0,0
46107,2840,best gopher control near me,10,HIGH,88,0,0,0
46107,2840,licensed pest inspector near me,10,UNKNOWN,0,0,0,0
46107,2840,presto x pest control near me,10,LOW,13,0,0,0
46107,2840,surrender bug killer near me,10,HIGH,100,0,0,0
46107,2840,udhai pest control,10,UNKNOWN,0,0,0,0
46107,2840,pest trapper near me,10,HIGH,100,0,0,0
46107,2840,pest control point,10,MEDIUM,45,0,0,0
46107,2840,springtail extermination near me,10,UNKNOWN,0,0,0,0
46107,2840,masonry bee removal near me,10,HIGH,100,0,0,0
46107,2840,top 10 pest control near me,10,UNKNOWN,0,0,0,0
46107,2840,permanent solution for termites,10,HIGH,100,0,0,0
46107,2840,flea treatment for home near me,10,HIGH,100,0,0,0
46107,2840,chipmunk exterminators near me,10,HIGH,93,0,0,0
46107,2840,pre construction termite treatment near me,10,MEDIUM,50,0,0,0
46107,2840,green termite control,10,LOW,0,0,0,0
46107,2840,earwig control near me,10,LOW,0,0,0,0
46107,2840,permatreat near me,10,MEDIUM,39,0,0,0
46107,2840,terminate pest control near me,10,MEDIUM,50,0,0,0
46107,2840,gypsy moth treatment near me,10,HIGH,100,0,0,0
46107,2840,wil kil pest control near me,10,LOW,8,0,0,0
46107,2840,perimeter pest control services near me,10,UNKNOWN,0,0,0,0
46107,2840,anti termite near me,10,MEDIUM,46,0,0,0
46107,2840,hired killers near me,10,HIGH,86,0,0,0
46107,2840,spraying for gypsy moths near me,10,UNKNOWN,0,0,0,0
46107,2840,commercial pest management near me,10,LOW,0,0,0,0
46107,2840,steritech pest control near me,10,UNKNOWN,0,0,0,0
46107,2840,bug control in my area,10,HIGH,100,0,0,0
46107,2840,fastrac blox near me,10,HIGH,100,0,0,0
46107,2840,anay control,10,LOW,9,0,0,0
46107,2840,millipede pest control near me,10,HIGH,100,0,0,0
46107,2840,ace exterminating near me,10,LOW,0,0,0,0
46107,2840,ant pest control services near me,10,HIGH,100,0,0,0
46107,2840,ant removal companies near me,10,HIGH,100,0,0,0
46107,2840,bayer pest control near me,10,UNKNOWN,0,0,0,0
46107,2840,bed bug control companies near me,10,HIGH,70,0,0,0
46107,2840,beetle control near me,10,UNKNOWN,0,0,0,0
46107,2840,best mosquito exterminator near me,10,HIGH,76,0,0,0
46107,2840,biological control of termites,10,UNKNOWN,0,0,0,0
46107,2840,bird mite exterminators near me,10,HIGH,86,0,0,0
46107,2840,bt pesticide near me,10,HIGH,100,0,0,0
46107,2840,bumble bee control near me,10,MEDIUM,36,0,0,0
46107,2840,centipede removal near me,10,UNKNOWN,0,0,0,0
46107,2840,central exterminating near me,10,HIGH,71,0,0,0
46107,2840,cheap exterminator for mice near me,10,UNKNOWN,0,0,0,0
46107,2840,cicada killer wasp exterminator near me,10,HIGH,100,0,0,0
46107,2840,cockroach gel near me,10,HIGH,100,0,0,0
46107,2840,cockroach infestation near me,10,HIGH,74,0,0,0
46107,2840,covid fumigation services near me,10,UNKNOWN,0,0,0,0
46107,2840,dixon pest control near me,10,LOW,17,0,0,0
46107,2840,eco bed bug exterminator near me,10,UNKNOWN,0,0,0,0
46107,2840,eco bed bug exterminators near me,10,HIGH,86,0,0,0
46107,2840,ecosmart ant and roach killer near me,10,HIGH,100,0,0,0
46107,2840,exterminator prices for mice near me,10,UNKNOWN,0,0,0,0
46107,2840,fire ant removal near me,10,HIGH,86,0,0,0
46107,2840,fumigation services for covid near me,10,UNKNOWN,0,0,0,0
46107,2840,fumigation team near me,10,HIGH,81,0,0,0
46107,2840,gnat nix near me,10,UNKNOWN,0,0,0,0
46107,2840,gypsy moth control near me,10,UNKNOWN,0,0,0,0
46107,2840,honey bee exterminators near me,10,HIGH,100,0,0,0
46107,2840,house and home pest control,10,LOW,0,0,0,0
46107,2840,insect expert near me,10,UNKNOWN,0,0,0,0
46107,2840,invict gold cockroach gel near me,10,HIGH,100,0,0,0
46107,2840,lentrek termite,10,LOW,29,0,0,0
46107,2840,local rodent removal companies,10,HIGH,95,0,0,0
46107,2840,maxxthor ec near me,10,HIGH,89,0,0,0
46107,2840,molecatcher near me,10,UNKNOWN,0,0,0,0
46107,2840,mosquito elimination near me,10,UNKNOWN,0,0,0,0
46107,2840,mosquito eradicator near me,10,UNKNOWN,0,0,0,0
46107,2840,near me pest control services,10,HIGH,100,0,0,0
46107,2840,odorous ant control near me,10,UNKNOWN,0,0,0,0
46107,2840,pest control at home near me,10,UNKNOWN,0,0,0,0
46107,2840,pest control for foxes near me,10,HIGH,100,0,0,0
46107,2840,pest control near you,10,HIGH,100,0,0,0
46107,2840,pest control services for lizards near me,10,UNKNOWN,0,0,0,0
46107,2840,pest control services near by me,10,UNKNOWN,0,0,0,0
46107,2840,pest extermination service near me,10,HIGH,83,0,0,0
46107,2840,pest removal in my area,10,HIGH,100,0,0,0
46107,2840,pestpop near me,10,MEDIUM,57,0,0,0
46107,2840,premise termite price,10,UNKNOWN,0,0,0,0
46107,2840,professional flea removal near me,10,HIGH,100,0,0,0
46107,2840,repairing termite damaged walls,10,HIGH,71,0,0,0
46107,2840,reptile control services near me,10,HIGH,100,0,0,0
46107,2840,safe pest control companies near me,10,UNKNOWN,0,0,0,0
46107,2840,silverfish control near me,10,HIGH,71,0,0,0
46107,2840,sovereign pest control near me,10,LOW,16,0,0,0
46107,2840,spectracide termite stakes false positive,10,UNKNOWN,0,0,0,0
46107,2840,tata termite,10,UNKNOWN,0,0,0,0
46107,2840,termite companies around me,10,UNKNOWN,0,0,0,0
46107,2840,termite control normal,10,UNKNOWN,0,0,0,0
46107,2840,termite control termite inspection near me,10,UNKNOWN,0,0,0,0
46107,2840,termite control windsor,10,UNKNOWN,0,0,0,0
46107,2840,termite exterminator termite inspection near me,10,UNKNOWN,0,0,0,0
46107,2840,termite on wall treatment,10,HIGH,67,0,0,0
46107,2840,termite treatment normal,10,UNKNOWN,0,0,0,0
46107,2840,termite treatment termite inspection near me,10,UNKNOWN,0,0,0,0
46107,2840,terro wasp and hornet killer near me,10,HIGH,91,0,0,0
46107,2840,top rated pest control annandale,10,UNKNOWN,0,0,0,0
46107,2840,top ten pest control companies near me,10,HIGH,91,0,0,0
46107,2840,vikane fumigation near me,10,HIGH,86,0,0,0
46107,2840,wood infestation inspection near me,10,UNKNOWN,0,0,0,0
46107,2840,zevo bug killer near me,10,HIGH,100,0,0,0
7094,2840,terminix pest & termite control,10,LOW,13,0,0,0
7094,2840,building and pest inspection near me,10,LOW,0,0,0,0
7094,2840,24 hour emergency pest control near me,10,HIGH,89,0,0,0
7094,2840,24 hour pest control services near me,10,HIGH,93,0,0,0
7094,2840,termite barrier cost,10,MEDIUM,38,0,0,0
7094,2840,hulett pest control near me,10,LOW,24,0,0,0
7094,2840,rat company near me,10,MEDIUM,43,0,0,0
7094,2840,bedbugs control services,10,MEDIUM,43,0,0,0
7094,2840,24 hour bed bug exterminator near me,10,HIGH,89,0,0,0
7094,2840,npma 33 pest inspection near me,10,HIGH,93,0,0,0
7094,2840,termite inspection central coast,10,LOW,31,0,0,0
7094,2840,rat trappers near me,10,HIGH,94,0,0,0
7094,2840,cheap mice exterminators near me,10,MEDIUM,62,0,0,0
7094,2840,flick termite,10,UNKNOWN,0,0,0,0
7094,2840,fantastic services pest control,10,MEDIUM,57,0,0,0
7094,2840,bug exterminator near me cost,10,HIGH,86,0,0,0
7094,2840,mosquito defense near me,10,HIGH,90,0,0,0
7094,2840,deemak control,10,UNKNOWN,0,0,0,0
7094,2840,eco friendly termite control near me,10,HIGH,95,0,0,0
7094,2840,pestban near me,10,LOW,7,0,0,0
7094,2840,exterminator near me 24 hours,10,HIGH,95,0,0,0
7094,2840,termite removal companies near me,10,HIGH,71,0,0,0
7094,2840,spectracide terminate termite killing stakes,10,MEDIUM,47,0,0,0
7094,2840,pest control for birds near me,10,HIGH,75,0,0,0
7094,2840,attic pest removal service near me,10,UNKNOWN,0,0,0,0
7094,2840,possum pest control near me,10,HIGH,80,0,0,0
7094,2840,critter exterminators near me,10,HIGH,90,0,0,0
7094,2840,local pest experts,10,LOW,21,0,0,0
7094,2840,white ant treatment near me,10,UNKNOWN,0,0,0,0
7094,2840,local bee exterminators in my area,10,MEDIUM,61,0,0,0
7094,2840,pest control pigeons near me,10,HIGH,86,0,0,0
7094,2840,termite protection barrier,10,HIGH,71,0,0,0
7094,2840,termite pest inspection near me,10,HIGH,93,0,0,0
7094,2840,best pest control near me for bed bugs,10,HIGH,100,0,0,0
7094,2840,carpet and pest control near me,10,UNKNOWN,0,0,0,0
7094,2840,nearest exterminator near me,10,UNKNOWN,0,0,0,0
7094,2840,orkin near me prices,10,UNKNOWN,0,0,0,0
7094,2840,pest control near by me,10,HIGH,100,0,0,0
7094,2840,anti termite treatment near me,10,UNKNOWN,0,0,0,0
7094,2840,critter trapper near me,10,HIGH,76,0,0,0
7094,2840,pest control birds near me,10,HIGH,100,0,0,0
7094,2840,roof rat control near me,10,HIGH,100,0,0,0
7094,2840,pest control near me for mosquitoes,10,HIGH,81,0,0,0
7094,2840,nearest pest control to me,10,HIGH,100,0,0,0
7094,2840,bark pest control,10,HIGH,88,0,0,0
7094,2840,cheap exterminator for roaches near me,10,HIGH,86,0,0,0
7094,2840,bug guys pest control near me,10,HIGH,71,0,0,0
7094,2840,pest control mosquito near me,10,HIGH,100,0,0,0
7094,2840,pest control near me for squirrels,10,UNKNOWN,0,0,0,0
7094,2840,rat killer service near me,10,HIGH,86,0,0,0
7094,2840,organic termite control near me,10,HIGH,86,0,0,0
7094,2840,lizard catcher near me,10,HIGH,86,0,0,0
7094,2840,best fumigation company,10,HIGH,95,0,0,0
7094,2840,house tenting for termites near me,10,HIGH,77,0,0,0
7094,2840,best pest control near me for rats,10,MEDIUM,52,0,0,0
7094,2840,cockroach pest control services near me,10,LOW,5,0,0,0
7094,2840,pest control natural near me,10,HIGH,81,0,0,0
7094,2840,building and pest inspections near me,10,UNKNOWN,0,0,0,0
7094,2840,pest control near me birds,10,HIGH,100,0,0,0
7094,2840,domestic pest control near me,10,HIGH,69,0,0,0
7094,2840,pest control charges near me,10,HIGH,83,0,0,0
7094,2840,termite pre treatment for new construction near me,10,HIGH,86,0,0,0
7094,2840,stink bug pest control near me,10,HIGH,89,0,0,0
7094,2840,cheap fumigation near me,10,HIGH,100,0,0,0
7094,2840,tick and mosquito treatment near me,10,HIGH,83,0,0,0
7094,2840,local pest control companies in my area,10,MEDIUM,56,0,0,0
7094,2840,termite solutions pest control,10,HIGH,68,0,0,0
7094,2840,wasp company near me,10,MEDIUM,64,0,0,0
7094,2840,mice fumigation near me,10,HIGH,97,0,0,0
7094,2840,in wall pest control near me,10,HIGH,93,0,0,0
7094,2840,woodpecker pest control services near me,10,UNKNOWN,0,0,0,0
7094,2840,fly control services near me,10,HIGH,100,0,0,0
7094,2840,vole control companies near me,10,UNKNOWN,0,0,0,0
7094,2840,pest control near me orkin,10,HIGH,89,0,0,0
7094,2840,wood bee exterminator near me,10,HIGH,100,0,0,0
7094,2840,home fumigation services near me,10,HIGH,84,0,0,0
7094,2840,green pest control companies near me,10,HIGH,86,0,0,0
7094,2840,vault fumigation near me,10,HIGH,71,0,0,0
7094,2840,mice extermination companies near me,10,HIGH,79,0,0,0
7094,2840,vermin pest control near me,10,HIGH,79,0,0,0
7094,2840,trugreen pest control near me,10,LOW,14,0,0,0
7094,2840,insect specialist near me,10,HIGH,86,0,0,0
7094,2840,exterminator for ticks near me,10,HIGH,100,0,0,0
7094,2840,box elder bug removal near me,10,HIGH,100,0,0,0
7094,2840,pet safe exterminators near me,10,HIGH,70,0,0,0
7094,2840,pest control near to me,10,HIGH,100,0,0,0
7094,2840,control pest control near me,10,MEDIUM,43,0,0,0
7094,2840,pest control for carpenter bees near me,10,HIGH,100,0,0,0
7094,2840,local termite inspection companies,10,HIGH,82,0,0,0
7094,2840,exterminators bed bugs near me,10,HIGH,84,0,0,0
7094,2840,pest control ticks near me,10,HIGH,100,0,0,0
7094,2840,roach inspections near me,10,HIGH,100,0,0,0
7094,2840,wasp and bee pest control near me,10,HIGH,100,0,0,0
7094,2840,general pest control treatment,10,LOW,14,0,0,0
7094,2840,bed bug pest control companies near me,10,HIGH,91,0,0,0
7094,2840,professional rat removal near me,10,HIGH,81,0,0,0
7094,2840,moth removal service near me,10,HIGH,93,0,0,0
7094,2840,bagworm exterminators near me,10,HIGH,94,0,0,0
7094,2840,flying ant exterminator near me,10,HIGH,86,0,0,0
7094,2840,removal of wasps nests near me,10,HIGH,100,0,0,0
7094,2840,orkin pest control near my location,10,HIGH,86,0,0,0
7094,2840,gopher exterminators in my area,10,HIGH,71,0,0,0
7094,2840,24 hour critter removal near me,10,HIGH,67,0,0,0
7094,2840,rentokil north america near me,10,LOW,2,0,0,0
7094,2840,industrial pest control services near me,10,HIGH,100,0,0,0
7094,2840,allgood pest control near me,10,LOW,29,0,0,0
7094,2840,pest control for termites price,10,HIGH,100,0,0,0
7094,2840,evergreen pest control near me,10,HIGH,71,0,0,0
7094,2840,thermal pest control near me,10,HIGH,100,0,0,0
7094,2840,bee spraying service near me,10,HIGH,98,0,0,0
7094,2840,rodent removal in my area,10,HIGH,100,0,0,0
7094,2840,near by pest control,10,HIGH,100,0,0,0
7094,2840,drain flies exterminator near me,10,HIGH,79,0,0,0
7094,2840,exterminateur near me,10,LOW,29,0,0,0
7094,2840,bird mite specialist near me,10,HIGH,95,0,0,0
7094,2840,infestation control near me,10,HIGH,95,0,0,0
7094,2840,roach exterminators in my area,10,MEDIUM,55,0,0,0
7094,2840,gypsy moth spraying near me,10,LOW,29,0,0,0
7094,2840,pest killers near me,10,UNKNOWN,0,0,0,0
7094,2840,insecticide service near me,10,HIGH,100,0,0,0
7094,2840,moth fumigation near me,10,MEDIUM,34,0,0,0
7094,2840,thomas pest control near me,10,MEDIUM,39,0,0,0
7094,2840,x terminator pest control near me,10,LOW,13,0,0,0
7094,2840,vermin catcher near me,10,HIGH,100,0,0,0
7094,2840,orkin hours near me,10,LOW,6,0,0,0
7094,2840,mosquito mary's near me,10,LOW,0,0,0,0
7094,2840,pest control firms near me,10,HIGH,73,0,0,0
7094,2840,batzner near me,10,LOW,24,0,0,0
7094,2840,exterminator near me for flies,10,HIGH,80,0,0,0
7094,2840,mosquito pest control companies near me,10,HIGH,90,0,0,0
7094,2840,deemak pest control,10,UNKNOWN,0,0,0,0
7094,2840,carpet moth treatment near me,10,UNKNOWN,0,0,0,0
7094,2840,gypsy moth exterminator near me,10,UNKNOWN,0,0,0,0
7094,2840,johnson pest control near me,10,LOW,31,0,0,0
7094,2840,lizard control services near me,10,HIGH,89,0,0,0
7094,2840,pest control wasp nest near me,10,MEDIUM,55,0,0,0
7094,2840,humane rat catcher near me,10,HIGH,79,0,0,0
7094,2840,tenting for termites near me,10,HIGH,93,0,0,0
7094,2840,pest control near me for home,10,HIGH,100,0,0,0
7094,2840,closest pest control to me,10,HIGH,100,0,0,0
7094,2840,exterminator near me for carpenter ants,10,HIGH,100,0,0,0
7094,2840,s and s termite,10,UNKNOWN,0,0,0,0
7094,2840,bee gone pest control commercial,10,UNKNOWN,0,0,0,0
7094,2840,wood fumigation services near me,10,HIGH,96,0,0,0
7094,2840,organic tick spraying near me,10,HIGH,100,0,0,0
7094,2840,ladybird pest control,10,MEDIUM,57,0,0,0
7094,2840,exterminator near me for stink bugs,10,UNKNOWN,0,0,0,0
7094,2840,quality affordable pest control,10,LOW,20,0,0,0
7094,2840,the specialist pest control,10,HIGH,79,0,0,0
7094,2840,for cockroach pest control,10,UNKNOWN,0,0,0,0
7094,2840,gopher trapping service near me,10,HIGH,86,0,0,0
7094,2840,wasp nest disposal near me,10,HIGH,100,0,0,0
7094,2840,insect treatment companies near me,10,HIGH,100,0,0,0
7094,2840,bed bug fumigation services near me,10,HIGH,71,0,0,0
7094,2840,outdoor exterminators near me,10,HIGH,100,0,0,0
7094,2840,economy pest control near me,10,MEDIUM,36,0,0,0
7094,2840,natural ant exterminator near me,10,HIGH,86,0,0,0
7094,2840,mosquito busters near me,10,HIGH,86,0,0,0
7094,2840,natural termite control near me,10,HIGH,86,0,0,0
7094,2840,pest inspection cost near me,10,MEDIUM,39,0,0,0
7094,2840,pest control near me for carpenter bees,10,HIGH,100,0,0,0
7094,2840,termite treatment at home price,10,HIGH,71,0,0,0
7094,2840,pest control near me for ticks,10,HIGH,95,0,0,0
7094,2840,pest control services for rats near me,10,MEDIUM,36,0,0,0
7094,2840,rabbit exterminators near me,10,HIGH,100,0,0,0
7094,2840,cheap exterminator for bed bugs near me,10,HIGH,71,0,0,0
7094,2840,bedbugs treatment near me,10,HIGH,70,0,0,0
7094,2840,kitchen pest control near me,10,HIGH,93,0,0,0
7094,2840,exterminator wasp near me,10,HIGH,73,0,0,0
7094,2840,cockroach killer gel near me,10,HIGH,100,0,0,0
7094,2840,get rid of rats near me,10,MEDIUM,57,0,0,0
7094,2840,bee prevention near me,10,MEDIUM,36,0,0,0
7094,2840,terminator company near me,10,HIGH,86,0,0,0
7094,2840,mosquito places near me,10,HIGH,80,0,0,0
7094,2840,mosquito yard control near me,10,HIGH,100,0,0,0
7094,2840,fly removal near me,10,HIGH,99,0,0,0
7094,2840,all bugs pest control,10,LOW,16,0,0,0
7094,2840,chem wise near me,10,LOW,21,0,0,0
7094,2840,local bird removal services,10,HIGH,100,0,0,0
7094,2840,closest exterminator to my location,10,HIGH,95,0,0,0
7094,2840,termite treatment at home near me,10,HIGH,100,0,0,0
7094,2840,exterminators near me for carpenter bees,10,UNKNOWN,0,0,0,0
7094,2840,press control services near me,10,HIGH,100,0,0,0
7094,2840,local bee removal company,10,HIGH,100,0,0,0
7094,2840,pest management professional near me,10,LOW,0,0,0,0
7094,2840,pest control services around me,10,HIGH,79,0,0,0
7094,2840,pest control near me for lizards,10,HIGH,86,0,0,0
7094,2840,pest shield near me,10,MEDIUM,44,0,0,0
7094,2840,contractors termite,10,MEDIUM,64,0,0,0
7094,2840,professional flea control near me,10,HIGH,100,0,0,0
7094,2840,solution for termites at home,10,HIGH,100,0,0,0
7094,2840,caterpillar exterminators near me,10,UNKNOWN,0,0,0,0
7094,2840,hi care termite,10,UNKNOWN,0,0,0,0
7094,2840,pallet fumigation services near me,10,HIGH,79,0,0,0
7094,2840,exterminator for centipedes near me,10,HIGH,100,0,0,0
7094,2840,wasp nest removal in my area,10,HIGH,100,0,0,0
7094,2840,bird mite pest control near me,10,MEDIUM,50,0,0,0
7094,2840,anay treatment near me,10,UNKNOWN,0,0,0,0
7094,2840,misting pest control,10,HIGH,79,0,0,0
7094,2840,wildlife trapping company near me,10,LOW,12,0,0,0
7094,2840,pest control for red ants near me,10,UNKNOWN,0,0,0,0
7094,2840,best gopher control near me,10,HIGH,88,0,0,0
7094,2840,licensed pest inspector near me,10,UNKNOWN,0,0,0,0
7094,2840,presto x pest control near me,10,LOW,13,0,0,0
7094,2840,surrender bug killer near me,10,HIGH,100,0,0,0
7094,2840,udhai pest control,10,UNKNOWN,0,0,0,0
7094,2840,pest trapper near me,10,HIGH,100,0,0,0
7094,2840,pest control point,10,MEDIUM,45,0,0,0
7094,2840,springtail extermination near me,10,UNKNOWN,0,0,0,0
7094,2840,masonry bee removal near me,10,HIGH,100,0,0,0
7094,2840,top 10 pest control near me,10,UNKNOWN,0,0,0,0
7094,2840,permanent solution for termites,10,HIGH,100,0,0,0
7094,2840,flea treatment for home near me,10,HIGH,100,0,0,0
7094,2840,chipmunk exterminators near me,10,HIGH,93,0,0,0
7094,2840,pre construction termite treatment near me,10,MEDIUM,50,0,0,0
7094,2840,green termite control,10,LOW,0,0,0,0
7094,2840,earwig control near me,10,LOW,0,0,0,0
7094,2840,permatreat near me,10,MEDIUM,39,0,0,0
7094,2840,terminate pest control near me,10,MEDIUM,50,0,0,0
7094,2840,gypsy moth treatment near me,10,HIGH,100,0,0,0
7094,2840,wil kil pest control near me,10,LOW,8,0,0,0
7094,2840,perimeter pest control services near me,10,UNKNOWN,0,0,0,0
7094,2840,anti termite near me,10,MEDIUM,46,0,0,0
7094,2840,hired killers near me,10,HIGH,86,0,0,0
7094,2840,spraying for gypsy moths near me,10,UNKNOWN,0,0,0,0
7094,2840,commercial pest management near me,10,LOW,0,0,0,0
7094,2840,steritech pest control near me,10,UNKNOWN,0,0,0,0
7094,2840,bug control in my area,10,HIGH,100,0,0,0
7094,2840,fastrac blox near me,10,HIGH,100,0,0,0
7094,2840,anay control,10,LOW,9,0,0,0
7094,2840,millipede pest control near me,10,HIGH,100,0,0,0
7094,2840,ace exterminating near me,10,LOW,0,0,0,0
7094,2840,ant pest control services near me,10,HIGH,100,0,0,0
7094,2840,ant removal companies near me,10,HIGH,100,0,0,0
7094,2840,bayer pest control near me,10,UNKNOWN,0,0,0,0
7094,2840,bed bug control companies near me,10,HIGH,70,0,0,0
7094,2840,beetle control near me,10,UNKNOWN,0,0,0,0
7094,2840,best mosquito exterminator near me,10,HIGH,76,0,0,0
7094,2840,biological control of termites,10,UNKNOWN,0,0,0,0
7094,2840,bird mite exterminators near me,10,HIGH,86,0,0,0
7094,2840,bt pesticide near me,10,HIGH,100,0,0,0
7094,2840,bumble bee control near me,10,MEDIUM,36,0,0,0
7094,2840,centipede removal near me,10,UNKNOWN,0,0,0,0
7094,2840,central exterminating near me,10,HIGH,71,0,0,0
7094,2840,cheap exterminator for mice near me,10,UNKNOWN,0,0,0,0
7094,2840,cicada killer wasp exterminator near me,10,HIGH,100,0,0,0
7094,2840,cockroach gel near me,10,HIGH,100,0,0,0
7094,2840,cockroach infestation near me,10,HIGH,74,0,0,0
7094,2840,covid fumigation services near me,10,UNKNOWN,0,0,0,0
7094,2840,dixon pest control near me,10,LOW,17,0,0,0
7094,2840,eco bed bug exterminator near me,10,UNKNOWN,0,0,0,0
7094,2840,eco bed bug exterminators near me,10,HIGH,86,0,0,0
7094,2840,ecosmart ant and roach killer near me,10,HIGH,100,0,0,0
7094,2840,exterminator prices for mice near me,10,UNKNOWN,0,0,0,0
7094,2840,fire ant removal near me,10,HIGH,86,0,0,0
7094,2840,fumigation services for covid near me,10,UNKNOWN,0,0,0,0
7094,2840,fumigation team near me,10,HIGH,81,0,0,0
7094,2840,gnat nix near me,10,UNKNOWN,0,0,0,0
7094,2840,gypsy moth control near me,10,UNKNOWN,0,0,0,0
7094,2840,honey bee exterminators near me,10,HIGH,100,0,0,0
7094,2840,house and home pest control,10,LOW,0,0,0,0
7094,2840,insect expert near me,10,UNKNOWN,0,0,0,0
7094,2840,invict gold cockroach gel near me,10,HIGH,100,0,0,0
7094,2840,lentrek termite,10,LOW,29,0,0,0
7094,2840,local rodent removal companies,10,HIGH,95,0,0,0
7094,2840,maxxthor ec near me,10,HIGH,89,0,0,0
7094,2840,molecatcher near me,10,UNKNOWN,0,0,0,0
7094,2840,mosquito elimination near me,10,UNKNOWN,0,0,0,0
7094,2840,mosquito eradicator near me,10,UNKNOWN,0,0,0,0
7094,2840,near me pest control services,10,HIGH,100,0,0,0
7094,2840,odorous ant control near me,10,UNKNOWN,0,0,0,0
7094,2840,pest control at home near me,10,UNKNOWN,0,0,0,0
7094,2840,pest control for foxes near me,10,HIGH,100,0,0,0
7094,2840,pest control near you,10,HIGH,100,0,0,0
7094,2840,pest control services for lizards near me,10,UNKNOWN,0,0,0,0
7094,2840,pest control services near by me,10,UNKNOWN,0,0,0,0
7094,2840,pest extermination service near me,10,HIGH,83,0,0,0
7094,2840,pest removal in my area,10,HIGH,100,0,0,0
7094,2840,pestpop near me,10,MEDIUM,57,0,0,0
7094,2840,premise termite price,10,UNKNOWN,0,0,0,0
7094,2840,professional flea removal near me,10,HIGH,100,0,0,0
7094,2840,repairing termite damaged walls,10,HIGH,71,0,0,0
7094,2840,reptile control services near me,10,HIGH,100,0,0,0
7094,2840,safe pest control companies near me,10,UNKNOWN,0,0,0,0
7094,2840,silverfish control near me,10,HIGH,71,0,0,0
7094,2840,sovereign pest control near me,10,LOW,16,0,0,0
7094,2840,spectracide termite stakes false positive,10,UNKNOWN,0,0,0,0
7094,2840,tata termite,10,UNKNOWN,0,0,0,0
7094,2840,termite companies around me,10,UNKNOWN,0,0,0,0
7094,2840,termite control normal,10,UNKNOWN,0,0,0,0
7094,2840,termite control termite inspection near me,10,UNKNOWN,0,0,0,0
7094,2840,termite control windsor,10,UNKNOWN,0,0,0,0
7094,2840,termite exterminator termite inspection near me,10,UNKNOWN,0,0,0,0
7094,2840,termite on wall treatment,10,HIGH,67,0,0,0
7094,2840,termite treatment normal,10,UNKNOWN,0,0,0,0
7094,2840,termite treatment termite inspection near me,10,UNKNOWN,0,0,0,0
7094,2840,terro wasp and hornet killer near me,10,HIGH,91,0,0,0
7094,2840,top rated pest control annandale,10,UNKNOWN,0,0,0,0
7094,2840,top ten pest control companies near me,10,HIGH,91,0,0,0
7094,2840,vikane fumigation near me,10,HIGH,86,0,0,0
7094,2840,wood infestation inspection near me,10,UNKNOWN,0,0,0,0
7094,2840,zevo bug killer near me,10,HIGH,100,0,0,0
46307,2840,terminix pest & termite control,10,LOW,13,0,0,0
46307,2840,building and pest inspection near me,10,LOW,0,0,0,0
46307,2840,24 hour emergency pest control near me,10,HIGH,89,0,0,0
46307,2840,24 hour pest control services near me,10,HIGH,93,0,0,0
46307,2840,termite barrier cost,10,MEDIUM,38,0,0,0
46307,2840,hulett pest control near me,10,LOW,24,0,0,0
46307,2840,rat company near me,10,MEDIUM,43,0,0,0
46307,2840,bedbugs control services,10,MEDIUM,43,0,0,0
46307,2840,24 hour bed bug exterminator near me,10,HIGH,89,0,0,0
46307,2840,npma 33 pest inspection near me,10,HIGH,93,0,0,0
46307,2840,termite inspection central coast,10,LOW,31,0,0,0
46307,2840,rat trappers near me,10,HIGH,94,0,0,0
46307,2840,cheap mice exterminators near me,10,MEDIUM,62,0,0,0
46307,2840,flick termite,10,UNKNOWN,0,0,0,0
46307,2840,fantastic services pest control,10,MEDIUM,57,0,0,0
46307,2840,bug exterminator near me cost,10,HIGH,86,0,0,0
46307,2840,mosquito defense near me,10,HIGH,90,0,0,0
46307,2840,deemak control,10,UNKNOWN,0,0,0,0
46307,2840,eco friendly termite control near me,10,HIGH,95,0,0,0
46307,2840,pestban near me,10,LOW,7,0,0,0
46307,2840,exterminator near me 24 hours,10,HIGH,95,0,0,0
46307,2840,termite removal companies near me,10,HIGH,71,0,0,0
46307,2840,spectracide terminate termite killing stakes,10,MEDIUM,47,0,0,0
46307,2840,pest control for birds near me,10,HIGH,75,0,0,0
46307,2840,attic pest removal service near me,10,UNKNOWN,0,0,0,0
46307,2840,possum pest control near me,10,HIGH,80,0,0,0
46307,2840,critter exterminators near me,10,HIGH,90,0,0,0
46307,2840,local pest experts,10,LOW,21,0,0,0
46307,2840,white ant treatment near me,10,UNKNOWN,0,0,0,0
46307,2840,local bee exterminators in my area,10,MEDIUM,61,0,0,0
46307,2840,pest control pigeons near me,10,HIGH,86,0,0,0
46307,2840,termite protection barrier,10,HIGH,71,0,0,0
46307,2840,termite pest inspection near me,10,HIGH,93,0,0,0
46307,2840,best pest control near me for bed bugs,10,HIGH,100,0,0,0
46307,2840,carpet and pest control near me,10,UNKNOWN,0,0,0,0
46307,2840,nearest exterminator near me,10,UNKNOWN,0,0,0,0
46307,2840,orkin near me prices,10,UNKNOWN,0,0,0,0
46307,2840,pest control near by me,10,HIGH,100,0,0,0
46307,2840,anti termite treatment near me,10,UNKNOWN,0,0,0,0
46307,2840,critter trapper near me,10,HIGH,76,0,0,0
46307,2840,pest control birds near me,10,HIGH,100,0,0,0
46307,2840,roof rat control near me,10,HIGH,100,0,0,0
46307,2840,pest control near me for mosquitoes,10,HIGH,81,0,0,0
46307,2840,nearest pest control to me,10,HIGH,100,0,0,0
46307,2840,bark pest control,10,HIGH,88,0,0,0
46307,2840,cheap exterminator for roaches near me,10,HIGH,86,0,0,0
46307,2840,bug guys pest control near me,10,HIGH,71,0,0,0
46307,2840,pest control mosquito near me,10,HIGH,100,0,0,0
46307,2840,pest control near me for squirrels,10,UNKNOWN,0,0,0,0
46307,2840,rat killer service near me,10,HIGH,86,0,0,0
46307,2840,organic termite control near me,10,HIGH,86,0,0,0
46307,2840,lizard catcher near me,10,HIGH,86,0,0,0
46307,2840,best fumigation company,10,HIGH,95,0,0,0
46307,2840,house tenting for termites near me,10,HIGH,77,0,0,0
46307,2840,best pest control near me for rats,10,MEDIUM,52,0,0,0
46307,2840,cockroach pest control services near me,10,LOW,5,0,0,0
46307,2840,pest control natural near me,10,HIGH,81,0,0,0
46307,2840,building and pest inspections near me,10,UNKNOWN,0,0,0,0
46307,2840,pest control near me birds,10,HIGH,100,0,0,0
46307,2840,domestic pest control near me,10,HIGH,69,0,0,0
46307,2840,pest control charges near me,10,HIGH,83,0,0,0
46307,2840,termite pre treatment for new construction near me,10,HIGH,86,0,0,0
46307,2840,stink bug pest control near me,10,HIGH,89,0,0,0
46307,2840,cheap fumigation near me,10,HIGH,100,0,0,0
46307,2840,tick and mosquito treatment near me,10,HIGH,83,0,0,0
46307,2840,local pest control companies in my area,10,MEDIUM,56,0,0,0
46307,2840,termite solutions pest control,10,HIGH,68,0,0,0
46307,2840,wasp company near me,10,MEDIUM,64,0,0,0
46307,2840,mice fumigation near me,10,HIGH,97,0,0,0
46307,2840,in wall pest control near me,10,HIGH,93,0,0,0
46307,2840,woodpecker pest control services near me,10,UNKNOWN,0,0,0,0
46307,2840,fly control services near me,10,HIGH,100,0,0,0
46307,2840,vole control companies near me,10,UNKNOWN,0,0,0,0
46307,2840,pest control near me orkin,10,HIGH,89,0,0,0
46307,2840,wood bee exterminator near me,10,HIGH,100,0,0,0
46307,2840,home fumigation services near me,10,HIGH,84,0,0,0
46307,2840,green pest control companies near me,10,HIGH,86,0,0,0
46307,2840,vault fumigation near me,10,HIGH,71,0,0,0
46307,2840,mice extermination companies near me,10,HIGH,79,0,0,0
46307,2840,vermin pest control near me,10,HIGH,79,0,0,0
46307,2840,trugreen pest control near me,10,LOW,14,0,0,0
46307,2840,insect specialist near me,10,HIGH,86,0,0,0
46307,2840,exterminator for ticks near me,10,HIGH,100,0,0,0
46307,2840,box elder bug removal near me,10,HIGH,100,0,0,0
46307,2840,pet safe exterminators near me,10,HIGH,70,0,0,0
46307,2840,pest control near to me,10,HIGH,100,0,0,0
46307,2840,control pest control near me,10,MEDIUM,43,0,0,0
46307,2840,pest control for carpenter bees near me,10,HIGH,100,0,0,0
46307,2840,local termite inspection companies,10,HIGH,82,0,0,0
46307,2840,exterminators bed bugs near me,10,HIGH,84,0,0,0
46307,2840,pest control ticks near me,10,HIGH,100,0,0,0
46307,2840,roach inspections near me,10,HIGH,100,0,0,0
46307,2840,wasp and bee pest control near me,10,HIGH,100,0,0,0
46307,2840,general pest control treatment,10,LOW,14,0,0,0
46307,2840,bed bug pest control companies near me,10,HIGH,91,0,0,0
46307,2840,professional rat removal near me,10,HIGH,81,0,0,0
46307,2840,moth removal service near me,10,HIGH,93,0,0,0
46307,2840,bagworm exterminators near me,10,HIGH,94,0,0,0
46307,2840,flying ant exterminator near me,10,HIGH,86,0,0,0
46307,2840,removal of wasps nests near me,10,HIGH,100,0,0,0
46307,2840,orkin pest control near my location,10,HIGH,86,0,0,0
46307,2840,gopher exterminators in my area,10,HIGH,71,0,0,0
46307,2840,24 hour critter removal near me,10,HIGH,67,0,0,0
46307,2840,rentokil north america near me,10,LOW,2,0,0,0
46307,2840,industrial pest control services near me,10,HIGH,100,0,0,0
46307,2840,allgood pest control near me,10,LOW,29,0,0,0
46307,2840,pest control for termites price,10,HIGH,100,0,0,0
46307,2840,evergreen pest control near me,10,HIGH,71,0,0,0
46307,2840,thermal pest control near me,10,HIGH,100,0,0,0
46307,2840,bee spraying service near me,10,HIGH,98,0,0,0
46307,2840,rodent removal in my area,10,HIGH,100,0,0,0
46307,2840,near by pest control,10,HIGH,100,0,0,0
46307,2840,drain flies exterminator near me,10,HIGH,79,0,0,0
46307,2840,exterminateur near me,10,LOW,29,0,0,0
46307,2840,bird mite specialist near me,10,HIGH,95,0,0,0
46307,2840,infestation control near me,10,HIGH,95,0,0,0
46307,2840,roach exterminators in my area,10,MEDIUM,55,0,0,0
46307,2840,gypsy moth spraying near me,10,LOW,29,0,0,0
46307,2840,pest killers near me,10,UNKNOWN,0,0,0,0
46307,2840,insecticide service near me,10,HIGH,100,0,0,0
46307,2840,moth fumigation near me,10,MEDIUM,34,0,0,0
46307,2840,thomas pest control near me,10,MEDIUM,39,0,0,0
46307,2840,x terminator pest control near me,10,LOW,13,0,0,0
46307,2840,vermin catcher near me,10,HIGH,100,0,0,0
46307,2840,orkin hours near me,10,LOW,6,0,0,0
46307,2840,mosquito mary's near me,10,LOW,0,0,0,0
46307,2840,pest control firms near me,10,HIGH,73,0,0,0
46307,2840,batzner near me,10,LOW,24,0,0,0
46307,2840,exterminator near me for flies,10,HIGH,80,0,0,0
46307,2840,mosquito pest control companies near me,10,HIGH,90,0,0,0
46307,2840,deemak pest control,10,UNKNOWN,0,0,0,0
46307,2840,carpet moth treatment near me,10,UNKNOWN,0,0,0,0
46307,2840,gypsy moth exterminator near me,10,UNKNOWN,0,0,0,0
46307,2840,johnson pest control near me,10,LOW,31,0,0,0
46307,2840,lizard control services near me,10,HIGH,89,0,0,0
46307,2840,pest control wasp nest near me,10,MEDIUM,55,0,0,0
46307,2840,humane rat catcher near me,10,HIGH,79,0,0,0
46307,2840,tenting for termites near me,10,HIGH,93,0,0,0
46307,2840,pest control near me for home,10,HIGH,100,0,0,0
46307,2840,closest pest control to me,10,HIGH,100,0,0,0
46307,2840,exterminator near me for carpenter ants,10,HIGH,100,0,0,0
46307,2840,s and s termite,10,UNKNOWN,0,0,0,0
46307,2840,bee gone pest control commercial,10,UNKNOWN,0,0,0,0
46307,2840,wood fumigation services near me,10,HIGH,96,0,0,0
46307,2840,organic tick spraying near me,10,HIGH,100,0,0,0
46307,2840,ladybird pest control,10,MEDIUM,57,0,0,0
46307,2840,exterminator near me for stink bugs,10,UNKNOWN,0,0,0,0
46307,2840,quality affordable pest control,10,LOW,20,0,0,0
46307,2840,the specialist pest control,10,HIGH,79,0,0,0
46307,2840,for cockroach pest control,10,UNKNOWN,0,0,0,0
46307,2840,gopher trapping service near me,10,HIGH,86,0,0,0
46307,2840,wasp nest disposal near me,10,HIGH,100,0,0,0
46307,2840,insect treatment companies near me,10,HIGH,100,0,0,0
46307,2840,bed bug fumigation services near me,10,HIGH,71,0,0,0
46307,2840,outdoor exterminators near me,10,HIGH,100,0,0,0
46307,2840,economy pest control near me,10,MEDIUM,36,0,0,0
46307,2840,natural ant exterminator near me,10,HIGH,86,0,0,0
46307,2840,mosquito busters near me,10,HIGH,86,0,0,0
46307,2840,natural termite control near me,10,HIGH,86,0,0,0
46307,2840,pest inspection cost near me,10,MEDIUM,39,0,0,0
46307,2840,pest control near me for carpenter bees,10,HIGH,100,0,0,0
46307,2840,termite treatment at home price,10,HIGH,71,0,0,0
46307,2840,pest control near me for ticks,10,HIGH,95,0,0,0
46307,2840,pest control services for rats near me,10,MEDIUM,36,0,0,0
46307,2840,rabbit exterminators near me,10,HIGH,100,0,0,0
46307,2840,cheap exterminator for bed bugs near me,10,HIGH,71,0,0,0
46307,2840,bedbugs treatment near me,10,HIGH,70,0,0,0
46307,2840,kitchen pest control near me,10,HIGH,93,0,0,0
46307,2840,exterminator wasp near me,10,HIGH,73,0,0,0
46307,2840,cockroach killer gel near me,10,HIGH,100,0,0,0
46307,2840,get rid of rats near me,10,MEDIUM,57,0,0,0
46307,2840,bee prevention near me,10,MEDIUM,36,0,0,0
46307,2840,terminator company near me,10,HIGH,86,0,0,0
46307,2840,mosquito places near me,10,HIGH,80,0,0,0
46307,2840,mosquito yard control near me,10,HIGH,100,0,0,0
46307,2840,fly removal near me,10,HIGH,99,0,0,0
46307,2840,all bugs pest control,10,LOW,16,0,0,0
46307,2840,chem wise near me,10,LOW,21,0,0,0
46307,2840,local bird removal services,10,HIGH,100,0,0,0
46307,2840,closest exterminator to my location,10,HIGH,95,0,0,0
46307,2840,termite treatment at home near me,10,HIGH,100,0,0,0
46307,2840,exterminators near me for carpenter bees,10,UNKNOWN,0,0,0,0
46307,2840,press control services near me,10,HIGH,100,0,0,0
46307,2840,local bee removal company,10,HIGH,100,0,0,0
46307,2840,pest management professional near me,10,LOW,0,0,0,0
46307,2840,pest control services around me,10,HIGH,79,0,0,0
46307,2840,pest control near me for lizards,10,HIGH,86,0,0,0
46307,2840,pest shield near me,10,MEDIUM,44,0,0,0
46307,2840,contractors termite,10,MEDIUM,64,0,0,0
46307,2840,professional flea control near me,10,HIGH,100,0,0,0
46307,2840,solution for termites at home,10,HIGH,100,0,0,0
46307,2840,caterpillar exterminators near me,10,UNKNOWN,0,0,0,0
46307,2840,hi care termite,10,UNKNOWN,0,0,0,0
46307,2840,pallet fumigation services near me,10,HIGH,79,0,0,0
46307,2840,exterminator for centipedes near me,10,HIGH,100,0,0,0
46307,2840,wasp nest removal in my area,10,HIGH,100,0,0,0
46307,2840,bird mite pest control near me,10,MEDIUM,50,0,0,0
46307,2840,anay treatment near me,10,UNKNOWN,0,0,0,0
46307,2840,misting pest control,10,HIGH,79,0,0,0
46307,2840,wildlife trapping company near me,10,LOW,12,0,0,0
46307,2840,pest control for red ants near me,10,UNKNOWN,0,0,0,0
46307,2840,best gopher control near me,10,HIGH,88,0,0,0
46307,2840,licensed pest inspector near me,10,UNKNOWN,0,0,0,0
46307,2840,presto x pest control near me,10,LOW,13,0,0,0
46307,2840,surrender bug killer near me,10,HIGH,100,0,0,0
46307,2840,udhai pest control,10,UNKNOWN,0,0,0,0
46307,2840,pest trapper near me,10,HIGH,100,0,0,0
46307,2840,pest control point,10,MEDIUM,45,0,0,0
46307,2840,springtail extermination near me,10,UNKNOWN,0,0,0,0
46307,2840,masonry bee removal near me,10,HIGH,100,0,0,0
46307,2840,top 10 pest control near me,10,UNKNOWN,0,0,0,0
46307,2840,permanent solution for termites,10,HIGH,100,0,0,0
46307,2840,flea treatment for home near me,10,HIGH,100,0,0,0
46307,2840,chipmunk exterminators near me,10,HIGH,93,0,0,0
46307,2840,pre construction termite treatment near me,10,MEDIUM,50,0,0,0
46307,2840,green termite control,10,LOW,0,0,0,0
46307,2840,earwig control near me,10,LOW,0,0,0,0
46307,2840,permatreat near me,10,MEDIUM,39,0,0,0
46307,2840,terminate pest control near me,10,MEDIUM,50,0,0,0
46307,2840,gypsy moth treatment near me,10,HIGH,100,0,0,0
46307,2840,wil kil pest control near me,10,LOW,8,0,0,0
46307,2840,perimeter pest control services near me,10,UNKNOWN,0,0,0,0
46307,2840,anti termite near me,10,MEDIUM,46,0,0,0
46307,2840,hired killers near me,10,HIGH,86,0,0,0
46307,2840,spraying for gypsy moths near me,10,UNKNOWN,0,0,0,0
46307,2840,commercial pest management near me,10,LOW,0,0,0,0
46307,2840,steritech pest control near me,10,UNKNOWN,0,0,0,0
46307,2840,bug control in my area,10,HIGH,100,0,0,0
46307,2840,fastrac blox near me,10,HIGH,100,0,0,0
46307,2840,anay control,10,LOW,9,0,0,0
46307,2840,millipede pest control near me,10,HIGH,100,0,0,0
46307,2840,ace exterminating near me,10,LOW,0,0,0,0
46307,2840,ant pest control services near me,10,HIGH,100,0,0,0
46307,2840,ant removal companies near me,10,HIGH,100,0,0,0
46307,2840,bayer pest control near me,10,UNKNOWN,0,0,0,0
46307,2840,bed bug control companies near me,10,HIGH,70,0,0,0
46307,2840,beetle control near me,10,UNKNOWN,0,0,0,0
46307,2840,best mosquito exterminator near me,10,HIGH,76,0,0,0
46307,2840,biological control of termites,10,UNKNOWN,0,0,0,0
46307,2840,bird mite exterminators near me,10,HIGH,86,0,0,0
46307,2840,bt pesticide near me,10,HIGH,100,0,0,0
46307,2840,bumble bee control near me,10,MEDIUM,36,0,0,0
46307,2840,centipede removal near me,10,UNKNOWN,0,0,0,0
46307,2840,central exterminating near me,10,HIGH,71,0,0,0
46307,2840,cheap exterminator for mice near me,10,UNKNOWN,0,0,0,0
46307,2840,cicada killer wasp exterminator near me,10,HIGH,100,0,0,0
46307,2840,cockroach gel near me,10,HIGH,100,0,0,0
46307,2840,cockroach infestation near me,10,HIGH,74,0,0,0
46307,2840,covid fumigation services near me,10,UNKNOWN,0,0,0,0
46307,2840,dixon pest control near me,10,LOW,17,0,0,0
46307,2840,eco bed bug exterminator near me,10,UNKNOWN,0,0,0,0
46307,2840,eco bed bug exterminators near me,10,HIGH,86,0,0,0
46307,2840,ecosmart ant and roach killer near me,10,HIGH,100,0,0,0
46307,2840,exterminator prices for mice near me,10,UNKNOWN,0,0,0,0
46307,2840,fire ant removal near me,10,HIGH,86,0,0,0
46307,2840,fumigation services for covid near me,10,UNKNOWN,0,0,0,0
46307,2840,fumigation team near me,10,HIGH,81,0,0,0
46307,2840,gnat nix near me,10,UNKNOWN,0,0,0,0
46307,2840,gypsy moth control near me,10,UNKNOWN,0,0,0,0
46307,2840,honey bee exterminators near me,10,HIGH,100,0,0,0
46307,2840,house and home pest control,10,LOW,0,0,0,0
46307,2840,insect expert near me,10,UNKNOWN,0,0,0,0
46307,2840,invict gold cockroach gel near me,10,HIGH,100,0,0,0
46307,2840,lentrek termite,10,LOW,29,0,0,0
46307,2840,local rodent removal companies,10,HIGH,95,0,0,0
46307,2840,maxxthor ec near me,10,HIGH,89,0,0,0
46307,2840,molecatcher near me,10,UNKNOWN,0,0,0,0
46307,2840,mosquito elimination near me,10,UNKNOWN,0,0,0,0
46307,2840,mosquito eradicator near me,10,UNKNOWN,0,0,0,0
46307,2840,near me pest control services,10,HIGH,100,0,0,0
46307,2840,odorous ant control near me,10,UNKNOWN,0,0,0,0
46307,2840,pest control at home near me,10,UNKNOWN,0,0,0,0
46307,2840,pest control for foxes near me,10,HIGH,100,0,0,0
46307,2840,pest control near you,10,HIGH,100,0,0,0
46307,2840,pest control services for lizards near me,10,UNKNOWN,0,0,0,0
46307,2840,pest control services near by me,10,UNKNOWN,0,0,0,0
46307,2840,pest extermination service near me,10,HIGH,83,0,0,0
46307,2840,pest removal in my area,10,HIGH,100,0,0,0
46307,2840,pestpop near me,10,MEDIUM,57,0,0,0
46307,2840,premise termite price,10,UNKNOWN,0,0,0,0
46307,2840,professional flea removal near me,10,HIGH,100,0,0,0
46307,2840,repairing termite damaged walls,10,HIGH,71,0,0,0
46307,2840,reptile control services near me,10,HIGH,100,0,0,0
46307,2840,safe pest control companies near me,10,UNKNOWN,0,0,0,0
46307,2840,silverfish control near me,10,HIGH,71,0,0,0
46307,2840,sovereign pest control near me,10,LOW,16,0,0,0
46307,2840,spectracide termite stakes false positive,10,UNKNOWN,0,0,0,0
46307,2840,tata termite,10,UNKNOWN,0,0,0,0
46307,2840,termite companies around me,10,UNKNOWN,0,0,0,0
46307,2840,termite control normal,10,UNKNOWN,0,0,0,0
46307,2840,termite control termite inspection near me,10,UNKNOWN,0,0,0,0
46307,2840,termite control windsor,10,UNKNOWN,0,0,0,0
46307,2840,termite exterminator termite inspection near me,10,UNKNOWN,0,0,0,0
46307,2840,termite on wall treatment,10,HIGH,67,0,0,0
46307,2840,termite treatment normal,10,UNKNOWN,0,0,0,0
46307,2840,termite treatment termite inspection near me,10,UNKNOWN,0,0,0,0
46307,2840,terro wasp and hornet killer near me,10,HIGH,91,0,0,0
46307,2840,top rated pest control annandale,10,UNKNOWN,0,0,0,0
46307,2840,top ten pest control companies near me,10,HIGH,91,0,0,0
46307,2840,vikane fumigation near me,10,HIGH,86,0,0,0
46307,2840,wood infestation inspection near me,10,UNKNOWN,0,0,0,0
46307,2840,zevo bug killer near me,10,HIGH,100,0,0,0
53406,2840,terminix pest & termite control,10,LOW,13,0,0,0
53406,2840,building and pest inspection near me,10,LOW,0,0,0,0
53406,2840,24 hour emergency pest control near me,10,HIGH,89,0,0,0
53406,2840,24 hour pest control services near me,10,HIGH,93,0,0,0
53406,2840,termite barrier cost,10,MEDIUM,38,0,0,0
53406,2840,hulett pest control near me,10,LOW,24,0,0,0
53406,2840,rat company near me,10,MEDIUM,43,0,0,0
53406,2840,bedbugs control services,10,MEDIUM,43,0,0,0
53406,2840,24 hour bed bug exterminator near me,10,HIGH,89,0,0,0
53406,2840,npma 33 pest inspection near me,10,HIGH,93,0,0,0
53406,2840,termite inspection central coast,10,LOW,31,0,0,0
53406,2840,rat trappers near me,10,HIGH,94,0,0,0
53406,2840,cheap mice exterminators near me,10,MEDIUM,62,0,0,0
53406,2840,flick termite,10,UNKNOWN,0,0,0,0
53406,2840,fantastic services pest control,10,MEDIUM,57,0,0,0
53406,2840,bug exterminator near me cost,10,HIGH,86,0,0,0
53406,2840,mosquito defense near me,10,HIGH,90,0,0,0
53406,2840,deemak control,10,UNKNOWN,0,0,0,0
53406,2840,eco friendly termite control near me,10,HIGH,95,0,0,0
53406,2840,pestban near me,10,LOW,7,0,0,0
53406,2840,exterminator near me 24 hours,10,HIGH,95,0,0,0
53406,2840,termite removal companies near me,10,HIGH,71,0,0,0
53406,2840,spectracide terminate termite killing stakes,10,MEDIUM,47,0,0,0
53406,2840,pest control for birds near me,10,HIGH,75,0,0,0
53406,2840,attic pest removal service near me,10,UNKNOWN,0,0,0,0
53406,2840,possum pest control near me,10,HIGH,80,0,0,0
53406,2840,critter exterminators near me,10,HIGH,90,0,0,0
53406,2840,local pest experts,10,LOW,21,0,0,0
53406,2840,white ant treatment near me,10,UNKNOWN,0,0,0,0
53406,2840,local bee exterminators in my area,10,MEDIUM,61,0,0,0
53406,2840,pest control pigeons near me,10,HIGH,86,0,0,0
53406,2840,termite protection barrier,10,HIGH,71,0,0,0
53406,2840,termite pest inspection near me,10,HIGH,93,0,0,0
53406,2840,best pest control near me for bed bugs,10,HIGH,100,0,0,0
53406,2840,carpet and pest control near me,10,UNKNOWN,0,0,0,0
53406,2840,nearest exterminator near me,10,UNKNOWN,0,0,0,0
53406,2840,orkin near me prices,10,UNKNOWN,0,0,0,0
53406,2840,pest control near by me,10,HIGH,100,0,0,0
53406,2840,anti termite treatment near me,10,UNKNOWN,0,0,0,0
53406,2840,critter trapper near me,10,HIGH,76,0,0,0
53406,2840,pest control birds near me,10,HIGH,100,0,0,0
53406,2840,roof rat control near me,10,HIGH,100,0,0,0
53406,2840,pest control near me for mosquitoes,10,HIGH,81,0,0,0
53406,2840,nearest pest control to me,10,HIGH,100,0,0,0
53406,2840,bark pest control,10,HIGH,88,0,0,0
53406,2840,cheap exterminator for roaches near me,10,HIGH,86,0,0,0
53406,2840,bug guys pest control near me,10,HIGH,71,0,0,0
53406,2840,pest control mosquito near me,10,HIGH,100,0,0,0
53406,2840,pest control near me for squirrels,10,UNKNOWN,0,0,0,0
53406,2840,rat killer service near me,10,HIGH,86,0,0,0
53406,2840,organic termite control near me,10,HIGH,86,0,0,0
53406,2840,lizard catcher near me,10,HIGH,86,0,0,0
53406,2840,best fumigation company,10,HIGH,95,0,0,0
53406,2840,house tenting for termites near me,10,HIGH,77,0,0,0
53406,2840,best pest control near me for rats,10,MEDIUM,52,0,0,0
53406,2840,cockroach pest control services near me,10,LOW,5,0,0,0
53406,2840,pest control natural near me,10,HIGH,81,0,0,0
53406,2840,building and pest inspections near me,10,UNKNOWN,0,0,0,0
53406,2840,pest control near me birds,10,HIGH,100,0,0,0
53406,2840,domestic pest control near me,10,HIGH,69,0,0,0
53406,2840,pest control charges near me,10,HIGH,83,0,0,0
53406,2840,termite pre treatment for new construction near me,10,HIGH,86,0,0,0
53406,2840,stink bug pest control near me,10,HIGH,89,0,0,0
53406,2840,cheap fumigation near me,10,HIGH,100,0,0,0
53406,2840,tick and mosquito treatment near me,10,HIGH,83,0,0,0
53406,2840,local pest control companies in my area,10,MEDIUM,56,0,0,0
53406,2840,termite solutions pest control,10,HIGH,68,0,0,0
53406,2840,wasp company near me,10,MEDIUM,64,0,0,0
53406,2840,mice fumigation near me,10,HIGH,97,0,0,0
53406,2840,in wall pest control near me,10,HIGH,93,0,0,0
53406,2840,woodpecker pest control services near me,10,UNKNOWN,0,0,0,0
53406,2840,fly control services near me,10,HIGH,100,0,0,0
53406,2840,vole control companies near me,10,UNKNOWN,0,0,0,0
53406,2840,pest control near me orkin,10,HIGH,89,0,0,0
53406,2840,wood bee exterminator near me,10,HIGH,100,0,0,0
53406,2840,home fumigation services near me,10,HIGH,84,0,0,0
53406,2840,green pest control companies near me,10,HIGH,86,0,0,0
53406,2840,vault fumigation near me,10,HIGH,71,0,0,0
53406,2840,mice extermination companies near me,10,HIGH,79,0,0,0
53406,2840,vermin pest control near me,10,HIGH,79,0,0,0
53406,2840,trugreen pest control near me,10,LOW,14,0,0,0
53406,2840,insect specialist near me,10,HIGH,86,0,0,0
53406,2840,exterminator for ticks near me,10,HIGH,100,0,0,0
53406,2840,box elder bug removal near me,10,HIGH,100,0,0,0
53406,2840,pet safe exterminators near me,10,HIGH,70,0,0,0
53406,2840,pest control near to me,10,HIGH,100,0,0,0
53406,2840,control pest control near me,10,MEDIUM,43,0,0,0
53406,2840,pest control for carpenter bees near me,10,HIGH,100,0,0,0
53406,2840,local termite inspection companies,10,HIGH,82,0,0,0
53406,2840,exterminators bed bugs near me,10,HIGH,84,0,0,0
53406,2840,pest control ticks near me,10,HIGH,100,0,0,0
53406,2840,roach inspections near me,10,HIGH,100,0,0,0
53406,2840,wasp and bee pest control near me,10,HIGH,100,0,0,0
53406,2840,general pest control treatment,10,LOW,14,0,0,0
53406,2840,bed bug pest control companies near me,10,HIGH,91,0,0,0
53406,2840,professional rat removal near me,10,HIGH,81,0,0,0
53406,2840,moth removal service near me,10,HIGH,93,0,0,0
53406,2840,bagworm exterminators near me,10,HIGH,94,0,0,0
53406,2840,flying ant exterminator near me,10,HIGH,86,0,0,0
53406,2840,removal of wasps nests near me,10,HIGH,100,0,0,0
53406,2840,orkin pest control near my location,10,HIGH,86,0,0,0
53406,2840,gopher exterminators in my area,10,HIGH,71,0,0,0
53406,2840,24 hour critter removal near me,10,HIGH,67,0,0,0
53406,2840,rentokil north america near me,10,LOW,2,0,0,0
53406,2840,industrial pest control services near me,10,HIGH,100,0,0,0
53406,2840,allgood pest control near me,10,LOW,29,0,0,0
53406,2840,pest control for termites price,10,HIGH,100,0,0,0
53406,2840,evergreen pest control near me,10,HIGH,71,0,0,0
53406,2840,thermal pest control near me,10,HIGH,100,0,0,0
53406,2840,bee spraying service near me,10,HIGH,98,0,0,0
53406,2840,rodent removal in my area,10,HIGH,100,0,0,0
53406,2840,near by pest control,10,HIGH,100,0,0,0
53406,2840,drain flies exterminator near me,10,HIGH,79,0,0,0
53406,2840,exterminateur near me,10,LOW,29,0,0,0
53406,2840,bird mite specialist near me,10,HIGH,95,0,0,0
53406,2840,infestation control near me,10,HIGH,95,0,0,0
53406,2840,roach exterminators in my area,10,MEDIUM,55,0,0,0
53406,2840,gypsy moth spraying near me,10,LOW,29,0,0,0
53406,2840,pest killers near me,10,UNKNOWN,0,0,0,0
53406,2840,insecticide service near me,10,HIGH,100,0,0,0
53406,2840,moth fumigation near me,10,MEDIUM,34,0,0,0
53406,2840,thomas pest control near me,10,MEDIUM,39,0,0,0
53406,2840,x terminator pest control near me,10,LOW,13,0,0,0
53406,2840,vermin catcher near me,10,HIGH,100,0,0,0
53406,2840,orkin hours near me,10,LOW,6,0,0,0
53406,2840,mosquito mary's near me,10,LOW,0,0,0,0
53406,2840,pest control firms near me,10,HIGH,73,0,0,0
53406,2840,batzner near me,10,LOW,24,0,0,0
53406,2840,exterminator near me for flies,10,HIGH,80,0,0,0
53406,2840,mosquito pest control companies near me,10,HIGH,90,0,0,0
53406,2840,deemak pest control,10,UNKNOWN,0,0,0,0
53406,2840,carpet moth treatment near me,10,UNKNOWN,0,0,0,0
53406,2840,gypsy moth exterminator near me,10,UNKNOWN,0,0,0,0
53406,2840,johnson pest control near me,10,LOW,31,0,0,0
53406,2840,lizard control services near me,10,HIGH,89,0,0,0
53406,2840,pest control wasp nest near me,10,MEDIUM,55,0,0,0
53406,2840,humane rat catcher near me,10,HIGH,79,0,0,0
53406,2840,tenting for termites near me,10,HIGH,93,0,0,0
53406,2840,pest control near me for home,10,HIGH,100,0,0,0
53406,2840,closest pest control to me,10,HIGH,100,0,0,0
53406,2840,exterminator near me for carpenter ants,10,HIGH,100,0,0,0
53406,2840,s and s termite,10,UNKNOWN,0,0,0,0
53406,2840,bee gone pest control commercial,10,UNKNOWN,0,0,0,0
53406,2840,wood fumigation services near me,10,HIGH,96,0,0,0
53406,2840,organic tick spraying near me,10,HIGH,100,0,0,0
53406,2840,ladybird pest control,10,MEDIUM,57,0,0,0
53406,2840,exterminator near me for stink bugs,10,UNKNOWN,0,0,0,0
53406,2840,quality affordable pest control,10,LOW,20,0,0,0
53406,2840,the specialist pest control,10,HIGH,79,0,0,0
53406,2840,for cockroach pest control,10,UNKNOWN,0,0,0,0
53406,2840,gopher trapping service near me,10,HIGH,86,0,0,0
53406,2840,wasp nest disposal near me,10,HIGH,100,0,0,0
53406,2840,insect treatment companies near me,10,HIGH,100,0,0,0
53406,2840,bed bug fumigation services near me,10,HIGH,71,0,0,0
53406,2840,outdoor exterminators near me,10,HIGH,100,0,0,0
53406,2840,economy pest control near me,10,MEDIUM,36,0,0,0
53406,2840,natural ant exterminator near me,10,HIGH,86,0,0,0
53406,2840,mosquito busters near me,10,HIGH,86,0,0,0
53406,2840,natural termite control near me,10,HIGH,86,0,0,0
53406,2840,pest inspection cost near me,10,MEDIUM,39,0,0,0
53406,2840,pest control near me for carpenter bees,10,HIGH,100,0,0,0
53406,2840,termite treatment at home price,10,HIGH,71,0,0,0
53406,2840,pest control near me for ticks,10,HIGH,95,0,0,0
53406,2840,pest control services for rats near me,10,MEDIUM,36,0,0,0
53406,2840,rabbit exterminators near me,10,HIGH,100,0,0,0
53406,2840,cheap exterminator for bed bugs near me,10,HIGH,71,0,0,0
53406,2840,bedbugs treatment near me,10,HIGH,70,0,0,0
53406,2840,kitchen pest control near me,10,HIGH,93,0,0,0
53406,2840,exterminator wasp near me,10,HIGH,73,0,0,0
53406,2840,cockroach killer gel near me,10,HIGH,100,0,0,0
53406,2840,get rid of rats near me,10,MEDIUM,57,0,0,0
53406,2840,bee prevention near me,10,MEDIUM,36,0,0,0
53406,2840,terminator company near me,10,HIGH,86,0,0,0
53406,2840,mosquito places near me,10,HIGH,80,0,0,0
53406,2840,mosquito yard control near me,10,HIGH,100,0,0,0
53406,2840,fly removal near me,10,HIGH,99,0,0,0
53406,2840,all bugs pest control,10,LOW,16,0,0,0
53406,2840,chem wise near me,10,LOW,21,0,0,0
53406,2840,local bird removal services,10,HIGH,100,0,0,0
53406,2840,closest exterminator to my location,10,HIGH,95,0,0,0
53406,2840,termite treatment at home near me,10,HIGH,100,0,0,0
53406,2840,exterminators near me for carpenter bees,10,UNKNOWN,0,0,0,0
53406,2840,press control services near me,10,HIGH,100,0,0,0
53406,2840,local bee removal company,10,HIGH,100,0,0,0
53406,2840,pest management professional near me,10,LOW,0,0,0,0
53406,2840,pest control services around me,10,HIGH,79,0,0,0
53406,2840,pest control near me for lizards,10,HIGH,86,0,0,0
53406,2840,pest shield near me,10,MEDIUM,44,0,0,0
53406,2840,contractors termite,10,MEDIUM,64,0,0,0
53406,2840,professional flea control near me,10,HIGH,100,0,0,0
53406,2840,solution for termites at home,10,HIGH,100,0,0,0
53406,2840,caterpillar exterminators near me,10,UNKNOWN,0,0,0,0
53406,2840,hi care termite,10,UNKNOWN,0,0,0,0
53406,2840,pallet fumigation services near me,10,HIGH,79,0,0,0
53406,2840,exterminator for centipedes near me,10,HIGH,100,0,0,0
53406,2840,wasp nest removal in my area,10,HIGH,100,0,0,0
53406,2840,bird mite pest control near me,10,MEDIUM,50,0,0,0
53406,2840,anay treatment near me,10,UNKNOWN,0,0,0,0
53406,2840,misting pest control,10,HIGH,79,0,0,0
53406,2840,wildlife trapping company near me,10,LOW,12,0,0,0
53406,2840,pest control for red ants near me,10,UNKNOWN,0,0,0,0
53406,2840,best gopher control near me,10,HIGH,88,0,0,0
53406,2840,licensed pest inspector near me,10,UNKNOWN,0,0,0,0
53406,2840,presto x pest control near me,10,LOW,13,0,0,0
53406,2840,surrender bug killer near me,10,HIGH,100,0,0,0
53406,2840,udhai pest control,10,UNKNOWN,0,0,0,0
53406,2840,pest trapper near me,10,HIGH,100,0,0,0
53406,2840,pest control point,10,MEDIUM,45,0,0,0
53406,2840,springtail extermination near me,10,UNKNOWN,0,0,0,0
53406,2840,masonry bee removal near me,10,HIGH,100,0,0,0
53406,2840,top 10 pest control near me,10,UNKNOWN,0,0,0,0
53406,2840,permanent solution for termites,10,HIGH,100,0,0,0
53406,2840,flea treatment for home near me,10,HIGH,100,0,0,0
53406,2840,chipmunk exterminators near me,10,HIGH,93,0,0,0
53406,2840,pre construction termite treatment near me,10,MEDIUM,50,0,0,0
53406,2840,green termite control,10,LOW,0,0,0,0
53406,2840,earwig control near me,10,LOW,0,0,0,0
53406,2840,permatreat near me,10,MEDIUM,39,0,0,0
53406,2840,terminate pest control near me,10,MEDIUM,50,0,0,0
53406,2840,gypsy moth treatment near me,10,HIGH,100,0,0,0
53406,2840,wil kil pest control near me,10,LOW,8,0,0,0
53406,2840,perimeter pest control services near me,10,UNKNOWN,0,0,0,0
53406,2840,anti termite near me,10,MEDIUM,46,0,0,0
53406,2840,hired killers near me,10,HIGH,86,0,0,0
53406,2840,spraying for gypsy moths near me,10,UNKNOWN,0,0,0,0
53406,2840,commercial pest management near me,10,LOW,0,0,0,0
53406,2840,steritech pest control near me,10,UNKNOWN,0,0,0,0
53406,2840,bug control in my area,10,HIGH,100,0,0,0
53406,2840,fastrac blox near me,10,HIGH,100,0,0,0
53406,2840,anay control,10,LOW,9,0,0,0
53406,2840,millipede pest control near me,10,HIGH,100,0,0,0
53406,2840,ace exterminating near me,10,LOW,0,0,0,0
53406,2840,ant pest control services near me,10,HIGH,100,0,0,0
53406,2840,ant removal companies near me,10,HIGH,100,0,0,0
53406,2840,bayer pest control near me,10,UNKNOWN,0,0,0,0
53406,2840,bed bug control companies near me,10,HIGH,70,0,0,0
53406,2840,beetle control near me,10,UNKNOWN,0,0,0,0
53406,2840,best mosquito exterminator near me,10,HIGH,76,0,0,0
53406,2840,biological control of termites,10,UNKNOWN,0,0,0,0
53406,2840,bird mite exterminators near me,10,HIGH,86,0,0,0
53406,2840,bt pesticide near me,10,HIGH,100,0,0,0
53406,2840,bumble bee control near me,10,MEDIUM,36,0,0,0
53406,2840,centipede removal near me,10,UNKNOWN,0,0,0,0
53406,2840,central exterminating near me,10,HIGH,71,0,0,0
53406,2840,cheap exterminator for mice near me,10,UNKNOWN,0,0,0,0
53406,2840,cicada killer wasp exterminator near me,10,HIGH,100,0,0,0
53406,2840,cockroach gel near me,10,HIGH,100,0,0,0
53406,2840,cockroach infestation near me,10,HIGH,74,0,0,0
53406,2840,covid fumigation services near me,10,UNKNOWN,0,0,0,0
53406,2840,dixon pest control near me,10,LOW,17,0,0,0
53406,2840,eco bed bug exterminator near me,10,UNKNOWN,0,0,0,0
53406,2840,eco bed bug exterminators near me,10,HIGH,86,0,0,0
53406,2840,ecosmart ant and roach killer near me,10,HIGH,100,0,0,0
53406,2840,exterminator prices for mice near me,10,UNKNOWN,0,0,0,0
53406,2840,fire ant removal near me,10,HIGH,86,0,0,0
53406,2840,fumigation services for covid near me,10,UNKNOWN,0,0,0,0
53406,2840,fumigation team near me,10,HIGH,81,0,0,0
53406,2840,gnat nix near me,10,UNKNOWN,0,0,0,0
53406,2840,gypsy moth control near me,10,UNKNOWN,0,0,0,0
53406,2840,honey bee exterminators near me,10,HIGH,100,0,0,0
53406,2840,house and home pest control,10,LOW,0,0,0,0
53406,2840,insect expert near me,10,UNKNOWN,0,0,0,0
53406,2840,invict gold cockroach gel near me,10,HIGH,100,0,0,0
53406,2840,lentrek termite,10,LOW,29,0,0,0
53406,2840,local rodent removal companies,10,HIGH,95,0,0,0
53406,2840,maxxthor ec near me,10,HIGH,89,0,0,0
53406,2840,molecatcher near me,10,UNKNOWN,0,0,0,0
53406,2840,mosquito elimination near me,10,UNKNOWN,0,0,0,0
53406,2840,mosquito eradicator near me,10,UNKNOWN,0,0,0,0
53406,2840,near me pest control services,10,HIGH,100,0,0,0
53406,2840,odorous ant control near me,10,UNKNOWN,0,0,0,0
53406,2840,pest control at home near me,10,UNKNOWN,0,0,0,0
53406,2840,pest control for foxes near me,10,HIGH,100,0,0,0
53406,2840,pest control near you,10,HIGH,100,0,0,0
53406,2840,pest control services for lizards near me,10,UNKNOWN,0,0,0,0
53406,2840,pest control services near by me,10,UNKNOWN,0,0,0,0
53406,2840,pest extermination service near me,10,HIGH,83,0,0,0
53406,2840,pest removal in my area,10,HIGH,100,0,0,0
53406,2840,pestpop near me,10,MEDIUM,57,0,0,0
53406,2840,premise termite price,10,UNKNOWN,0,0,0,0
53406,2840,professional flea removal near me,10,HIGH,100,0,0,0
53406,2840,repairing termite damaged walls,10,HIGH,71,0,0,0
53406,2840,reptile control services near me,10,HIGH,100,0,0,0
53406,2840,safe pest control companies near me,10,UNKNOWN,0,0,0,0
53406,2840,silverfish control near me,10,HIGH,71,0,0,0
53406,2840,sovereign pest control near me,10,LOW,16,0,0,0
53406,2840,spectracide termite stakes false positive,10,UNKNOWN,0,0,0,0
53406,2840,tata termite,10,UNKNOWN,0,0,0,0
53406,2840,termite companies around me,10,UNKNOWN,0,0,0,0
53406,2840,termite control normal,10,UNKNOWN,0,0,0,0
53406,2840,termite control termite inspection near me,10,UNKNOWN,0,0,0,0
53406,2840,termite control windsor,10,UNKNOWN,0,0,0,0
53406,2840,termite exterminator termite inspection near me,10,UNKNOWN,0,0,0,0
53406,2840,termite on wall treatment,10,HIGH,67,0,0,0
53406,2840,termite treatment normal,10,UNKNOWN,0,0,0,0
53406,2840,termite treatment termite inspection near me,10,UNKNOWN,0,0,0,0
53406,2840,terro wasp and hornet killer near me,10,HIGH,91,0,0,0
53406,2840,top rated pest control annandale,10,UNKNOWN,0,0,0,0
53406,2840,top ten pest control companies near me,10,HIGH,91,0,0,0
53406,2840,vikane fumigation near me,10,HIGH,86,0,0,0
53406,2840,wood infestation inspection near me,10,UNKNOWN,0,0,0,0
53406,2840,zevo bug killer near me,10,HIGH,100,0,0,0
37013,2840,terminix pest & termite control,10,LOW,13,0,0,0
37013,2840,building and pest inspection near me,10,LOW,0,0,0,0
37013,2840,24 hour emergency pest control near me,10,HIGH,89,0,0,0
37013,2840,24 hour pest control services near me,10,HIGH,93,0,0,0
37013,2840,termite barrier cost,10,MEDIUM,38,0,0,0
37013,2840,hulett pest control near me,10,LOW,24,0,0,0
37013,2840,rat company near me,10,MEDIUM,43,0,0,0
37013,2840,bedbugs control services,10,MEDIUM,43,0,0,0
37013,2840,24 hour bed bug exterminator near me,10,HIGH,89,0,0,0
37013,2840,npma 33 pest inspection near me,10,HIGH,93,0,0,0
37013,2840,termite inspection central coast,10,LOW,31,0,0,0
37013,2840,rat trappers near me,10,HIGH,94,0,0,0
37013,2840,cheap mice exterminators near me,10,MEDIUM,62,0,0,0
37013,2840,flick termite,10,UNKNOWN,0,0,0,0
37013,2840,fantastic services pest control,10,MEDIUM,57,0,0,0
37013,2840,bug exterminator near me cost,10,HIGH,86,0,0,0
37013,2840,mosquito defense near me,10,HIGH,90,0,0,0
37013,2840,deemak control,10,UNKNOWN,0,0,0,0
37013,2840,eco friendly termite control near me,10,HIGH,95,0,0,0
37013,2840,pestban near me,10,LOW,7,0,0,0
37013,2840,exterminator near me 24 hours,10,HIGH,95,0,0,0
37013,2840,termite removal companies near me,10,HIGH,71,0,0,0
37013,2840,spectracide terminate termite killing stakes,10,MEDIUM,47,0,0,0
37013,2840,pest control for birds near me,10,HIGH,75,0,0,0
37013,2840,attic pest removal service near me,10,UNKNOWN,0,0,0,0
37013,2840,possum pest control near me,10,HIGH,80,0,0,0
37013,2840,critter exterminators near me,10,HIGH,90,0,0,0
37013,2840,local pest experts,10,LOW,21,0,0,0
37013,2840,white ant treatment near me,10,UNKNOWN,0,0,0,0
37013,2840,local bee exterminators in my area,10,MEDIUM,61,0,0,0
37013,2840,pest control pigeons near me,10,HIGH,86,0,0,0
37013,2840,termite protection barrier,10,HIGH,71,0,0,0
37013,2840,termite pest inspection near me,10,HIGH,93,0,0,0
37013,2840,best pest control near me for bed bugs,10,HIGH,100,0,0,0
37013,2840,carpet and pest control near me,10,UNKNOWN,0,0,0,0
37013,2840,nearest exterminator near me,10,UNKNOWN,0,0,0,0
37013,2840,orkin near me prices,10,UNKNOWN,0,0,0,0
37013,2840,pest control near by me,10,HIGH,100,0,0,0
37013,2840,anti termite treatment near me,10,UNKNOWN,0,0,0,0
37013,2840,critter trapper near me,10,HIGH,76,0,0,0
37013,2840,pest control birds near me,10,HIGH,100,0,0,0
37013,2840,roof rat control near me,10,HIGH,100,0,0,0
37013,2840,pest control near me for mosquitoes,10,HIGH,81,0,0,0
37013,2840,nearest pest control to me,10,HIGH,100,0,0,0
37013,2840,bark pest control,10,HIGH,88,0,0,0
37013,2840,cheap exterminator for roaches near me,10,HIGH,86,0,0,0
37013,2840,bug guys pest control near me,10,HIGH,71,0,0,0
37013,2840,pest control mosquito near me,10,HIGH,100,0,0,0
37013,2840,pest control near me for squirrels,10,UNKNOWN,0,0,0,0
37013,2840,rat killer service near me,10,HIGH,86,0,0,0
37013,2840,organic termite control near me,10,HIGH,86,0,0,0
37013,2840,lizard catcher near me,10,HIGH,86,0,0,0
37013,2840,best fumigation company,10,HIGH,95,0,0,0
37013,2840,house tenting for termites near me,10,HIGH,77,0,0,0
37013,2840,best pest control near me for rats,10,MEDIUM,52,0,0,0
37013,2840,cockroach pest control services near me,10,LOW,5,0,0,0
37013,2840,pest control natural near me,10,HIGH,81,0,0,0
37013,2840,building and pest inspections near me,10,UNKNOWN,0,0,0,0
37013,2840,pest control near me birds,10,HIGH,100,0,0,0
37013,2840,domestic pest control near me,10,HIGH,69,0,0,0
37013,2840,pest control charges near me,10,HIGH,83,0,0,0
37013,2840,termite pre treatment for new construction near me,10,HIGH,86,0,0,0
37013,2840,stink bug pest control near me,10,HIGH,89,0,0,0
37013,2840,cheap fumigation near me,10,HIGH,100,0,0,0
37013,2840,tick and mosquito treatment near me,10,HIGH,83,0,0,0
37013,2840,local pest control companies in my area,10,MEDIUM,56,0,0,0
37013,2840,termite solutions pest control,10,HIGH,68,0,0,0
37013,2840,wasp company near me,10,MEDIUM,64,0,0,0
37013,2840,mice fumigation near me,10,HIGH,97,0,0,0
37013,2840,in wall pest control near me,10,HIGH,93,0,0,0
37013,2840,woodpecker pest control services near me,10,UNKNOWN,0,0,0,0
37013,2840,fly control services near me,10,HIGH,100,0,0,0
37013,2840,vole control companies near me,10,UNKNOWN,0,0,0,0
37013,2840,pest control near me orkin,10,HIGH,89,0,0,0
37013,2840,wood bee exterminator near me,10,HIGH,100,0,0,0
37013,2840,home fumigation services near me,10,HIGH,84,0,0,0
37013,2840,green pest control companies near me,10,HIGH,86,0,0,0
37013,2840,vault fumigation near me,10,HIGH,71,0,0,0
37013,2840,mice extermination companies near me,10,HIGH,79,0,0,0
37013,2840,vermin pest control near me,10,HIGH,79,0,0,0
37013,2840,trugreen pest control near me,10,LOW,14,0,0,0
37013,2840,insect specialist near me,10,HIGH,86,0,0,0
37013,2840,exterminator for ticks near me,10,HIGH,100,0,0,0
37013,2840,box elder bug removal near me,10,HIGH,100,0,0,0
37013,2840,pet safe exterminators near me,10,HIGH,70,0,0,0
37013,2840,pest control near to me,10,HIGH,100,0,0,0
37013,2840,control pest control near me,10,MEDIUM,43,0,0,0
37013,2840,pest control for carpenter bees near me,10,HIGH,100,0,0,0
37013,2840,local termite inspection companies,10,HIGH,82,0,0,0
37013,2840,exterminators bed bugs near me,10,HIGH,84,0,0,0
37013,2840,pest control ticks near me,10,HIGH,100,0,0,0
37013,2840,roach inspections near me,10,HIGH,100,0,0,0
37013,2840,wasp and bee pest control near me,10,HIGH,100,0,0,0
37013,2840,general pest control treatment,10,LOW,14,0,0,0
37013,2840,bed bug pest control companies near me,10,HIGH,91,0,0,0
37013,2840,professional rat removal near me,10,HIGH,81,0,0,0
37013,2840,moth removal service near me,10,HIGH,93,0,0,0
37013,2840,bagworm exterminators near me,10,HIGH,94,0,0,0
37013,2840,flying ant exterminator near me,10,HIGH,86,0,0,0
37013,2840,removal of wasps nests near me,10,HIGH,100,0,0,0
37013,2840,orkin pest control near my location,10,HIGH,86,0,0,0
37013,2840,gopher exterminators in my area,10,HIGH,71,0,0,0
37013,2840,24 hour critter removal near me,10,HIGH,67,0,0,0
37013,2840,rentokil north america near me,10,LOW,2,0,0,0
37013,2840,industrial pest control services near me,10,HIGH,100,0,0,0
37013,2840,allgood pest control near me,10,LOW,29,0,0,0
37013,2840,pest control for termites price,10,HIGH,100,0,0,0
37013,2840,evergreen pest control near me,10,HIGH,71,0,0,0
37013,2840,thermal pest control near me,10,HIGH,100,0,0,0
37013,2840,bee spraying service near me,10,HIGH,98,0,0,0
37013,2840,rodent removal in my area,10,HIGH,100,0,0,0
37013,2840,near by pest control,10,HIGH,100,0,0,0
37013,2840,drain flies exterminator near me,10,HIGH,79,0,0,0
37013,2840,exterminateur near me,10,LOW,29,0,0,0
37013,2840,bird mite specialist near me,10,HIGH,95,0,0,0
37013,2840,infestation control near me,10,HIGH,95,0,0,0
37013,2840,roach exterminators in my area,10,MEDIUM,55,0,0,0
37013,2840,gypsy moth spraying near me,10,LOW,29,0,0,0
37013,2840,pest killers near me,10,UNKNOWN,0,0,0,0
37013,2840,insecticide service near me,10,HIGH,100,0,0,0
37013,2840,moth fumigation near me,10,MEDIUM,34,0,0,0
37013,2840,thomas pest control near me,10,MEDIUM,39,0,0,0
37013,2840,x terminator pest control near me,10,LOW,13,0,0,0
37013,2840,vermin catcher near me,10,HIGH,100,0,0,0
37013,2840,orkin hours near me,10,LOW,6,0,0,0
37013,2840,mosquito mary's near me,10,LOW,0,0,0,0
37013,2840,pest control firms near me,10,HIGH,73,0,0,0
37013,2840,batzner near me,10,LOW,24,0,0,0
37013,2840,exterminator near me for flies,10,HIGH,80,0,0,0
37013,2840,mosquito pest control companies near me,10,HIGH,90,0,0,0
37013,2840,deemak pest control,10,UNKNOWN,0,0,0,0
37013,2840,carpet moth treatment near me,10,UNKNOWN,0,0,0,0
37013,2840,gypsy moth exterminator near me,10,UNKNOWN,0,0,0,0
37013,2840,johnson pest control near me,10,LOW,31,0,0,0
37013,2840,lizard control services near me,10,HIGH,89,0,0,0
37013,2840,pest control wasp nest near me,10,MEDIUM,55,0,0,0
37013,2840,humane rat catcher near me,10,HIGH,79,0,0,0
37013,2840,tenting for termites near me,10,HIGH,93,0,0,0
37013,2840,pest control near me for home,10,HIGH,100,0,0,0
37013,2840,closest pest control to me,10,HIGH,100,0,0,0
37013,2840,exterminator near me for carpenter ants,10,HIGH,100,0,0,0
37013,2840,s and s termite,10,UNKNOWN,0,0,0,0
37013,2840,bee gone pest control commercial,10,UNKNOWN,0,0,0,0
37013,2840,wood fumigation services near me,10,HIGH,96,0,0,0
37013,2840,organic tick spraying near me,10,HIGH,100,0,0,0
37013,2840,ladybird pest control,10,MEDIUM,57,0,0,0
37013,2840,exterminator near me for stink bugs,10,UNKNOWN,0,0,0,0
37013,2840,quality affordable pest control,10,LOW,20,0,0,0
37013,2840,the specialist pest control,10,HIGH,79,0,0,0
37013,2840,for cockroach pest control,10,UNKNOWN,0,0,0,0
37013,2840,gopher trapping service near me,10,HIGH,86,0,0,0
37013,2840,wasp nest disposal near me,10,HIGH,100,0,0,0
37013,2840,insect treatment companies near me,10,HIGH,100,0,0,0
37013,2840,bed bug fumigation services near me,10,HIGH,71,0,0,0
37013,2840,outdoor exterminators near me,10,HIGH,100,0,0,0
37013,2840,economy pest control near me,10,MEDIUM,36,0,0,0
37013,2840,natural ant exterminator near me,10,HIGH,86,0,0,0
37013,2840,mosquito busters near me,10,HIGH,86,0,0,0
37013,2840,natural termite control near me,10,HIGH,86,0,0,0
37013,2840,pest inspection cost near me,10,MEDIUM,39,0,0,0
37013,2840,pest control near me for carpenter bees,10,HIGH,100,0,0,0
37013,2840,termite treatment at home price,10,HIGH,71,0,0,0
37013,2840,pest control near me for ticks,10,HIGH,95,0,0,0
37013,2840,pest control services for rats near me,10,MEDIUM,36,0,0,0
37013,2840,rabbit exterminators near me,10,HIGH,100,0,0,0
37013,2840,cheap exterminator for bed bugs near me,10,HIGH,71,0,0,0
37013,2840,bedbugs treatment near me,10,HIGH,70,0,0,0
37013,2840,kitchen pest control near me,10,HIGH,93,0,0,0
37013,2840,exterminator wasp near me,10,HIGH,73,0,0,0
37013,2840,cockroach killer gel near me,10,HIGH,100,0,0,0
37013,2840,get rid of rats near me,10,MEDIUM,57,0,0,0
37013,2840,bee prevention near me,10,MEDIUM,36,0,0,0
37013,2840,terminator company near me,10,HIGH,86,0,0,0
37013,2840,mosquito places near me,10,HIGH,80,0,0,0
37013,2840,mosquito yard control near me,10,HIGH,100,0,0,0
37013,2840,fly removal near me,10,HIGH,99,0,0,0
37013,2840,all bugs pest control,10,LOW,16,0,0,0
37013,2840,chem wise near me,10,LOW,21,0,0,0
37013,2840,local bird removal services,10,HIGH,100,0,0,0
37013,2840,closest exterminator to my location,10,HIGH,95,0,0,0
37013,2840,termite treatment at home near me,10,HIGH,100,0,0,0
37013,2840,exterminators near me for carpenter bees,10,UNKNOWN,0,0,0,0
37013,2840,press control services near me,10,HIGH,100,0,0,0
37013,2840,local bee removal company,10,HIGH,100,0,0,0
37013,2840,pest management professional near me,10,LOW,0,0,0,0
37013,2840,pest control services around me,10,HIGH,79,0,0,0
37013,2840,pest control near me for lizards,10,HIGH,86,0,0,0
37013,2840,pest shield near me,10,MEDIUM,44,0,0,0
37013,2840,contractors termite,10,MEDIUM,64,0,0,0
37013,2840,professional flea control near me,10,HIGH,100,0,0,0
37013,2840,solution for termites at home,10,HIGH,100,0,0,0
37013,2840,caterpillar exterminators near me,10,UNKNOWN,0,0,0,0
37013,2840,hi care termite,10,UNKNOWN,0,0,0,0
37013,2840,pallet fumigation services near me,10,HIGH,79,0,0,0
37013,2840,exterminator for centipedes near me,10,HIGH,100,0,0,0
37013,2840,wasp nest removal in my area,10,HIGH,100,0,0,0
37013,2840,bird mite pest control near me,10,MEDIUM,50,0,0,0
37013,2840,anay treatment near me,10,UNKNOWN,0,0,0,0
37013,2840,misting pest control,10,HIGH,79,0,0,0
37013,2840,wildlife trapping company near me,10,LOW,12,0,0,0
37013,2840,pest control for red ants near me,10,UNKNOWN,0,0,0,0
37013,2840,best gopher control near me,10,HIGH,88,0,0,0
37013,2840,licensed pest inspector near me,10,UNKNOWN,0,0,0,0
37013,2840,presto x pest control near me,10,LOW,13,0,0,0
37013,2840,surrender bug killer near me,10,HIGH,100,0,0,0
37013,2840,udhai pest control,10,UNKNOWN,0,0,0,0
37013,2840,pest trapper near me,10,HIGH,100,0,0,0
37013,2840,pest control point,10,MEDIUM,45,0,0,0
37013,2840,springtail extermination near me,10,UNKNOWN,0,0,0,0
37013,2840,masonry bee removal near me,10,HIGH,100,0,0,0
37013,2840,top 10 pest control near me,10,UNKNOWN,0,0,0,0
37013,2840,permanent solution for termites,10,HIGH,100,0,0,0
37013,2840,flea treatment for home near me,10,HIGH,100,0,0,0
37013,2840,chipmunk exterminators near me,10,HIGH,93,0,0,0
37013,2840,pre construction termite treatment near me,10,MEDIUM,50,0,0,0
37013,2840,green termite control,10,LOW,0,0,0,0
37013,2840,earwig control near me,10,LOW,0,0,0,0
37013,2840,permatreat near me,10,MEDIUM,39,0,0,0
37013,2840,terminate pest control near me,10,MEDIUM,50,0,0,0
37013,2840,gypsy moth treatment near me,10,HIGH,100,0,0,0
37013,2840,wil kil pest control near me,10,LOW,8,0,0,0
37013,2840,perimeter pest control services near me,10,UNKNOWN,0,0,0,0
37013,2840,anti termite near me,10,MEDIUM,46,0,0,0
37013,2840,hired killers near me,10,HIGH,86,0,0,0
37013,2840,spraying for gypsy moths near me,10,UNKNOWN,0,0,0,0
37013,2840,commercial pest management near me,10,LOW,0,0,0,0
37013,2840,steritech pest control near me,10,UNKNOWN,0,0,0,0
37013,2840,bug control in my area,10,HIGH,100,0,0,0
37013,2840,fastrac blox near me,10,HIGH,100,0,0,0
37013,2840,anay control,10,LOW,9,0,0,0
37013,2840,millipede pest control near me,10,HIGH,100,0,0,0
37013,2840,ace exterminating near me,10,LOW,0,0,0,0
37013,2840,ant pest control services near me,10,HIGH,100,0,0,0
37013,2840,ant removal companies near me,10,HIGH,100,0,0,0
37013,2840,bayer pest control near me,10,UNKNOWN,0,0,0,0
37013,2840,bed bug control companies near me,10,HIGH,70,0,0,0
37013,2840,beetle control near me,10,UNKNOWN,0,0,0,0
37013,2840,best mosquito exterminator near me,10,HIGH,76,0,0,0
37013,2840,biological control of termites,10,UNKNOWN,0,0,0,0
37013,2840,bird mite exterminators near me,10,HIGH,86,0,0,0
37013,2840,bt pesticide near me,10,HIGH,100,0,0,0
37013,2840,bumble bee control near me,10,MEDIUM,36,0,0,0
37013,2840,centipede removal near me,10,UNKNOWN,0,0,0,0
37013,2840,central exterminating near me,10,HIGH,71,0,0,0
37013,2840,cheap exterminator for mice near me,10,UNKNOWN,0,0,0,0
37013,2840,cicada killer wasp exterminator near me,10,HIGH,100,0,0,0
37013,2840,cockroach gel near me,10,HIGH,100,0,0,0
37013,2840,cockroach infestation near me,10,HIGH,74,0,0,0
37013,2840,covid fumigation services near me,10,UNKNOWN,0,0,0,0
37013,2840,dixon pest control near me,10,LOW,17,0,0,0
37013,2840,eco bed bug exterminator near me,10,UNKNOWN,0,0,0,0
37013,2840,eco bed bug exterminators near me,10,HIGH,86,0,0,0
37013,2840,ecosmart ant and roach killer near me,10,HIGH,100,0,0,0
37013,2840,exterminator prices for mice near me,10,UNKNOWN,0,0,0,0
37013,2840,fire ant removal near me,10,HIGH,86,0,0,0
37013,2840,fumigation services for covid near me,10,UNKNOWN,0,0,0,0
37013,2840,fumigation team near me,10,HIGH,81,0,0,0
37013,2840,gnat nix near me,10,UNKNOWN,0,0,0,0
37013,2840,gypsy moth control near me,10,UNKNOWN,0,0,0,0
37013,2840,honey bee exterminators near me,10,HIGH,100,0,0,0
37013,2840,house and home pest control,10,LOW,0,0,0,0
37013,2840,insect expert near me,10,UNKNOWN,0,0,0,0
37013,2840,invict gold cockroach gel near me,10,HIGH,100,0,0,0
37013,2840,lentrek termite,10,LOW,29,0,0,0
37013,2840,local rodent removal companies,10,HIGH,95,0,0,0
37013,2840,maxxthor ec near me,10,HIGH,89,0,0,0
37013,2840,molecatcher near me,10,UNKNOWN,0,0,0,0
37013,2840,mosquito elimination near me,10,UNKNOWN,0,0,0,0
37013,2840,mosquito eradicator near me,10,UNKNOWN,0,0,0,0
37013,2840,near me pest control services,10,HIGH,100,0,0,0
37013,2840,odorous ant control near me,10,UNKNOWN,0,0,0,0
37013,2840,pest control at home near me,10,UNKNOWN,0,0,0,0
37013,2840,pest control for foxes near me,10,HIGH,100,0,0,0
37013,2840,pest control near you,10,HIGH,100,0,0,0
37013,2840,pest control services for lizards near me,10,UNKNOWN,0,0,0,0
37013,2840,pest control services near by me,10,UNKNOWN,0,0,0,0
37013,2840,pest extermination service near me,10,HIGH,83,0,0,0
37013,2840,pest removal in my area,10,HIGH,100,0,0,0
37013,2840,pestpop near me,10,MEDIUM,57,0,0,0
37013,2840,premise termite price,10,UNKNOWN,0,0,0,0
37013,2840,professional flea removal near me,10,HIGH,100,0,0,0
37013,2840,repairing termite damaged walls,10,HIGH,71,0,0,0
37013,2840,reptile control services near me,10,HIGH,100,0,0,0
37013,2840,safe pest control companies near me,10,UNKNOWN,0,0,0,0
37013,2840,silverfish control near me,10,HIGH,71,0,0,0
37013,2840,sovereign pest control near me,10,LOW,16,0,0,0
37013,2840,spectracide termite stakes false positive,10,UNKNOWN,0,0,0,0
37013,2840,tata termite,10,UNKNOWN,0,0,0,0
37013,2840,termite companies around me,10,UNKNOWN,0,0,0,0
37013,2840,termite control normal,10,UNKNOWN,0,0,0,0
37013,2840,termite control termite inspection near me,10,UNKNOWN,0,0,0,0
37013,2840,termite control windsor,10,UNKNOWN,0,0,0,0
37013,2840,termite exterminator termite inspection near me,10,UNKNOWN,0,0,0,0
37013,2840,termite on wall treatment,10,HIGH,67,0,0,0
37013,2840,termite treatment normal,10,UNKNOWN,0,0,0,0
37013,2840,termite treatment termite inspection near me,10,UNKNOWN,0,0,0,0
37013,2840,terro wasp and hornet killer near me,10,HIGH,91,0,0,0
37013,2840,top rated pest control annandale,10,UNKNOWN,0,0,0,0
37013,2840,top ten pest control companies near me,10,HIGH,91,0,0,0
37013,2840,vikane fumigation near me,10,HIGH,86,0,0,0
37013,2840,wood infestation inspection near me,10,UNKNOWN,0,0,0,0
37013,2840,zevo bug killer near me,10,HIGH,100,0,0,0
37129,2840,terminix pest & termite control,10,LOW,13,0,0,0
37129,2840,building and pest inspection near me,10,LOW,0,0,0,0
37129,2840,24 hour emergency pest control near me,10,HIGH,89,0,0,0
37129,2840,24 hour pest control services near me,10,HIGH,93,0,0,0
37129,2840,termite barrier cost,10,MEDIUM,38,0,0,0
37129,2840,hulett pest control near me,10,LOW,24,0,0,0
37129,2840,rat company near me,10,MEDIUM,43,0,0,0
37129,2840,bedbugs control services,10,MEDIUM,43,0,0,0
37129,2840,24 hour bed bug exterminator near me,10,HIGH,89,0,0,0
37129,2840,npma 33 pest inspection near me,10,HIGH,93,0,0,0
37129,2840,termite inspection central coast,10,LOW,31,0,0,0
37129,2840,rat trappers near me,10,HIGH,94,0,0,0
37129,2840,cheap mice exterminators near me,10,MEDIUM,62,0,0,0
37129,2840,flick termite,10,UNKNOWN,0,0,0,0
37129,2840,fantastic services pest control,10,MEDIUM,57,0,0,0
37129,2840,bug exterminator near me cost,10,HIGH,86,0,0,0
37129,2840,mosquito defense near me,10,HIGH,90,0,0,0
37129,2840,deemak control,10,UNKNOWN,0,0,0,0
37129,2840,eco friendly termite control near me,10,HIGH,95,0,0,0
37129,2840,pestban near me,10,LOW,7,0,0,0
37129,2840,exterminator near me 24 hours,10,HIGH,95,0,0,0
37129,2840,termite removal companies near me,10,HIGH,71,0,0,0
37129,2840,spectracide terminate termite killing stakes,10,MEDIUM,47,0,0,0
37129,2840,pest control for birds near me,10,HIGH,75,0,0,0
37129,2840,attic pest removal service near me,10,UNKNOWN,0,0,0,0
37129,2840,possum pest control near me,10,HIGH,80,0,0,0
37129,2840,critter exterminators near me,10,HIGH,90,0,0,0
37129,2840,local pest experts,10,LOW,21,0,0,0
37129,2840,white ant treatment near me,10,UNKNOWN,0,0,0,0
37129,2840,local bee exterminators in my area,10,MEDIUM,61,0,0,0
37129,2840,pest control pigeons near me,10,HIGH,86,0,0,0
37129,2840,termite protection barrier,10,HIGH,71,0,0,0
37129,2840,termite pest inspection near me,10,HIGH,93,0,0,0
37129,2840,best pest control near me for bed bugs,10,HIGH,100,0,0,0
37129,2840,carpet and pest control near me,10,UNKNOWN,0,0,0,0
37129,2840,nearest exterminator near me,10,UNKNOWN,0,0,0,0
37129,2840,orkin near me prices,10,UNKNOWN,0,0,0,0
37129,2840,pest control near by me,10,HIGH,100,0,0,0
37129,2840,anti termite treatment near me,10,UNKNOWN,0,0,0,0
37129,2840,critter trapper near me,10,HIGH,76,0,0,0
37129,2840,pest control birds near me,10,HIGH,100,0,0,0
37129,2840,roof rat control near me,10,HIGH,100,0,0,0
37129,2840,pest control near me for mosquitoes,10,HIGH,81,0,0,0
37129,2840,nearest pest control to me,10,HIGH,100,0,0,0
37129,2840,bark pest control,10,HIGH,88,0,0,0
37129,2840,cheap exterminator for roaches near me,10,HIGH,86,0,0,0
37129,2840,bug guys pest control near me,10,HIGH,71,0,0,0
37129,2840,pest control mosquito near me,10,HIGH,100,0,0,0
37129,2840,pest control near me for squirrels,10,UNKNOWN,0,0,0,0
37129,2840,rat killer service near me,10,HIGH,86,0,0,0
37129,2840,organic termite control near me,10,HIGH,86,0,0,0
37129,2840,lizard catcher near me,10,HIGH,86,0,0,0
37129,2840,best fumigation company,10,HIGH,95,0,0,0
37129,2840,house tenting for termites near me,10,HIGH,77,0,0,0
37129,2840,best pest control near me for rats,10,MEDIUM,52,0,0,0
37129,2840,cockroach pest control services near me,10,LOW,5,0,0,0
37129,2840,pest control natural near me,10,HIGH,81,0,0,0
37129,2840,building and pest inspections near me,10,UNKNOWN,0,0,0,0
37129,2840,pest control near me birds,10,HIGH,100,0,0,0
37129,2840,domestic pest control near me,10,HIGH,69,0,0,0
37129,2840,pest control charges near me,10,HIGH,83,0,0,0
37129,2840,termite pre treatment for new construction near me,10,HIGH,86,0,0,0
37129,2840,stink bug pest control near me,10,HIGH,89,0,0,0
37129,2840,cheap fumigation near me,10,HIGH,100,0,0,0
37129,2840,tick and mosquito treatment near me,10,HIGH,83,0,0,0
37129,2840,local pest control companies in my area,10,MEDIUM,56,0,0,0
37129,2840,termite solutions pest control,10,HIGH,68,0,0,0
37129,2840,wasp company near me,10,MEDIUM,64,0,0,0
37129,2840,mice fumigation near me,10,HIGH,97,0,0,0
37129,2840,in wall pest control near me,10,HIGH,93,0,0,0
37129,2840,woodpecker pest control services near me,10,UNKNOWN,0,0,0,0
37129,2840,fly control services near me,10,HIGH,100,0,0,0
37129,2840,vole control companies near me,10,UNKNOWN,0,0,0,0
37129,2840,pest control near me orkin,10,HIGH,89,0,0,0
37129,2840,wood bee exterminator near me,10,HIGH,100,0,0,0
37129,2840,home fumigation services near me,10,HIGH,84,0,0,0
37129,2840,green pest control companies near me,10,HIGH,86,0,0,0
37129,2840,vault fumigation near me,10,HIGH,71,0,0,0
37129,2840,mice extermination companies near me,10,HIGH,79,0,0,0
37129,2840,vermin pest control near me,10,HIGH,79,0,0,0
37129,2840,trugreen pest control near me,10,LOW,14,0,0,0
37129,2840,insect specialist near me,10,HIGH,86,0,0,0
37129,2840,exterminator for ticks near me,10,HIGH,100,0,0,0
37129,2840,box elder bug removal near me,10,HIGH,100,0,0,0
37129,2840,pet safe exterminators near me,10,HIGH,70,0,0,0
37129,2840,pest control near to me,10,HIGH,100,0,0,0
37129,2840,control pest control near me,10,MEDIUM,43,0,0,0
37129,2840,pest control for carpenter bees near me,10,HIGH,100,0,0,0
37129,2840,local termite inspection companies,10,HIGH,82,0,0,0
37129,2840,exterminators bed bugs near me,10,HIGH,84,0,0,0
37129,2840,pest control ticks near me,10,HIGH,100,0,0,0
37129,2840,roach inspections near me,10,HIGH,100,0,0,0
37129,2840,wasp and bee pest control near me,10,HIGH,100,0,0,0
37129,2840,general pest control treatment,10,LOW,14,0,0,0
37129,2840,bed bug pest control companies near me,10,HIGH,91,0,0,0
37129,2840,professional rat removal near me,10,HIGH,81,0,0,0
37129,2840,moth removal service near me,10,HIGH,93,0,0,0
37129,2840,bagworm exterminators near me,10,HIGH,94,0,0,0
37129,2840,flying ant exterminator near me,10,HIGH,86,0,0,0
37129,2840,removal of wasps nests near me,10,HIGH,100,0,0,0
37129,2840,orkin pest control near my location,10,HIGH,86,0,0,0
37129,2840,gopher exterminators in my area,10,HIGH,71,0,0,0
37129,2840,24 hour critter removal near me,10,HIGH,67,0,0,0
37129,2840,rentokil north america near me,10,LOW,2,0,0,0
37129,2840,industrial pest control services near me,10,HIGH,100,0,0,0
37129,2840,allgood pest control near me,10,LOW,29,0,0,0
37129,2840,pest control for termites price,10,HIGH,100,0,0,0
37129,2840,evergreen pest control near me,10,HIGH,71,0,0,0
37129,2840,thermal pest control near me,10,HIGH,100,0,0,0
37129,2840,bee spraying service near me,10,HIGH,98,0,0,0
37129,2840,rodent removal in my area,10,HIGH,100,0,0,0
37129,2840,near by pest control,10,HIGH,100,0,0,0
37129,2840,drain flies exterminator near me,10,HIGH,79,0,0,0
37129,2840,exterminateur near me,10,LOW,29,0,0,0
37129,2840,bird mite specialist near me,10,HIGH,95,0,0,0
37129,2840,infestation control near me,10,HIGH,95,0,0,0
37129,2840,roach exterminators in my area,10,MEDIUM,55,0,0,0
37129,2840,gypsy moth spraying near me,10,LOW,29,0,0,0
37129,2840,pest killers near me,10,UNKNOWN,0,0,0,0
37129,2840,insecticide service near me,10,HIGH,100,0,0,0
37129,2840,moth fumigation near me,10,MEDIUM,34,0,0,0
37129,2840,thomas pest control near me,10,MEDIUM,39,0,0,0
37129,2840,x terminator pest control near me,10,LOW,13,0,0,0
37129,2840,vermin catcher near me,10,HIGH,100,0,0,0
37129,2840,orkin hours near me,10,LOW,6,0,0,0
37129,2840,mosquito mary's near me,10,LOW,0,0,0,0
37129,2840,pest control firms near me,10,HIGH,73,0,0,0
37129,2840,batzner near me,10,LOW,24,0,0,0
37129,2840,exterminator near me for flies,10,HIGH,80,0,0,0
37129,2840,mosquito pest control companies near me,10,HIGH,90,0,0,0
37129,2840,deemak pest control,10,UNKNOWN,0,0,0,0
37129,2840,carpet moth treatment near me,10,UNKNOWN,0,0,0,0
37129,2840,gypsy moth exterminator near me,10,UNKNOWN,0,0,0,0
37129,2840,johnson pest control near me,10,LOW,31,0,0,0
37129,2840,lizard control services near me,10,HIGH,89,0,0,0
37129,2840,pest control wasp nest near me,10,MEDIUM,55,0,0,0
37129,2840,humane rat catcher near me,10,HIGH,79,0,0,0
37129,2840,tenting for termites near me,10,HIGH,93,0,0,0
37129,2840,pest control near me for home,10,HIGH,100,0,0,0
37129,2840,closest pest control to me,10,HIGH,100,0,0,0
37129,2840,exterminator near me for carpenter ants,10,HIGH,100,0,0,0
37129,2840,s and s termite,10,UNKNOWN,0,0,0,0
37129,2840,bee gone pest control commercial,10,UNKNOWN,0,0,0,0
37129,2840,wood fumigation services near me,10,HIGH,96,0,0,0
37129,2840,organic tick spraying near me,10,HIGH,100,0,0,0
37129,2840,ladybird pest control,10,MEDIUM,57,0,0,0
37129,2840,exterminator near me for stink bugs,10,UNKNOWN,0,0,0,0
37129,2840,quality affordable pest control,10,LOW,20,0,0,0
37129,2840,the specialist pest control,10,HIGH,79,0,0,0
37129,2840,for cockroach pest control,10,UNKNOWN,0,0,0,0
37129,2840,gopher trapping service near me,10,HIGH,86,0,0,0
37129,2840,wasp nest disposal near me,10,HIGH,100,0,0,0
37129,2840,insect treatment companies near me,10,HIGH,100,0,0,0
37129,2840,bed bug fumigation services near me,10,HIGH,71,0,0,0
37129,2840,outdoor exterminators near me,10,HIGH,100,0,0,0
37129,2840,economy pest control near me,10,MEDIUM,36,0,0,0
37129,2840,natural ant exterminator near me,10,HIGH,86,0,0,0
37129,2840,mosquito busters near me,10,HIGH,86,0,0,0
37129,2840,natural termite control near me,10,HIGH,86,0,0,0
37129,2840,pest inspection cost near me,10,MEDIUM,39,0,0,0
37129,2840,pest control near me for carpenter bees,10,HIGH,100,0,0,0
37129,2840,termite treatment at home price,10,HIGH,71,0,0,0
37129,2840,pest control near me for ticks,10,HIGH,95,0,0,0
37129,2840,pest control services for rats near me,10,MEDIUM,36,0,0,0
37129,2840,rabbit exterminators near me,10,HIGH,100,0,0,0
37129,2840,cheap exterminator for bed bugs near me,10,HIGH,71,0,0,0
37129,2840,bedbugs treatment near me,10,HIGH,70,0,0,0
37129,2840,kitchen pest control near me,10,HIGH,93,0,0,0
37129,2840,exterminator wasp near me,10,HIGH,73,0,0,0
37129,2840,cockroach killer gel near me,10,HIGH,100,0,0,0
37129,2840,get rid of rats near me,10,MEDIUM,57,0,0,0
37129,2840,bee prevention near me,10,MEDIUM,36,0,0,0
37129,2840,terminator company near me,10,HIGH,86,0,0,0
37129,2840,mosquito places near me,10,HIGH,80,0,0,0
37129,2840,mosquito yard control near me,10,HIGH,100,0,0,0
37129,2840,fly removal near me,10,HIGH,99,0,0,0
37129,2840,all bugs pest control,10,LOW,16,0,0,0
37129,2840,chem wise near me,10,LOW,21,0,0,0
37129,2840,local bird removal services,10,HIGH,100,0,0,0
37129,2840,closest exterminator to my location,10,HIGH,95,0,0,0
37129,2840,termite treatment at home near me,10,HIGH,100,0,0,0
37129,2840,exterminators near me for carpenter bees,10,UNKNOWN,0,0,0,0
37129,2840,press control services near me,10,HIGH,100,0,0,0
37129,2840,local bee removal company,10,HIGH,100,0,0,0
37129,2840,pest management professional near me,10,LOW,0,0,0,0
37129,2840,pest control services around me,10,HIGH,79,0,0,0
37129,2840,pest control near me for lizards,10,HIGH,86,0,0,0
37129,2840,pest shield near me,10,MEDIUM,44,0,0,0
37129,2840,contractors termite,10,MEDIUM,64,0,0,0
37129,2840,professional flea control near me,10,HIGH,100,0,0,0
37129,2840,solution for termites at home,10,HIGH,100,0,0,0
37129,2840,caterpillar exterminators near me,10,UNKNOWN,0,0,0,0
37129,2840,hi care termite,10,UNKNOWN,0,0,0,0
37129,2840,pallet fumigation services near me,10,HIGH,79,0,0,0
37129,2840,exterminator for centipedes near me,10,HIGH,100,0,0,0
37129,2840,wasp nest removal in my area,10,HIGH,100,0,0,0
37129,2840,bird mite pest control near me,10,MEDIUM,50,0,0,0
37129,2840,anay treatment near me,10,UNKNOWN,0,0,0,0
37129,2840,misting pest control,10,HIGH,79,0,0,0
37129,2840,wildlife trapping company near me,10,LOW,12,0,0,0
37129,2840,pest control for red ants near me,10,UNKNOWN,0,0,0,0
37129,2840,best gopher control near me,10,HIGH,88,0,0,0
37129,2840,licensed pest inspector near me,10,UNKNOWN,0,0,0,0
37129,2840,presto x pest control near me,10,LOW,13,0,0,0
37129,2840,surrender bug killer near me,10,HIGH,100,0,0,0
37129,2840,udhai pest control,10,UNKNOWN,0,0,0,0
37129,2840,pest trapper near me,10,HIGH,100,0,0,0
37129,2840,pest control point,10,MEDIUM,45,0,0,0
37129,2840,springtail extermination near me,10,UNKNOWN,0,0,0,0
37129,2840,masonry bee removal near me,10,HIGH,100,0,0,0
37129,2840,top 10 pest control near me,10,UNKNOWN,0,0,0,0
37129,2840,permanent solution for termites,10,HIGH,100,0,0,0
37129,2840,flea treatment for home near me,10,HIGH,100,0,0,0
37129,2840,chipmunk exterminators near me,10,HIGH,93,0,0,0
37129,2840,pre construction termite treatment near me,10,MEDIUM,50,0,0,0
37129,2840,green termite control,10,LOW,0,0,0,0
37129,2840,earwig control near me,10,LOW,0,0,0,0
37129,2840,permatreat near me,10,MEDIUM,39,0,0,0
37129,2840,terminate pest control near me,10,MEDIUM,50,0,0,0
37129,2840,gypsy moth treatment near me,10,HIGH,100,0,0,0
37129,2840,wil kil pest control near me,10,LOW,8,0,0,0
37129,2840,perimeter pest control services near me,10,UNKNOWN,0,0,0,0
37129,2840,anti termite near me,10,MEDIUM,46,0,0,0
37129,2840,hired killers near me,10,HIGH,86,0,0,0
37129,2840,spraying for gypsy moths near me,10,UNKNOWN,0,0,0,0
37129,2840,commercial pest management near me,10,LOW,0,0,0,0
37129,2840,steritech pest control near me,10,UNKNOWN,0,0,0,0
37129,2840,bug control in my area,10,HIGH,100,0,0,0
37129,2840,fastrac blox near me,10,HIGH,100,0,0,0
37129,2840,anay control,10,LOW,9,0,0,0
37129,2840,millipede pest control near me,10,HIGH,100,0,0,0
37129,2840,ace exterminating near me,10,LOW,0,0,0,0
37129,2840,ant pest control services near me,10,HIGH,100,0,0,0
37129,2840,ant removal companies near me,10,HIGH,100,0,0,0
37129,2840,bayer pest control near me,10,UNKNOWN,0,0,0,0
37129,2840,bed bug control companies near me,10,HIGH,70,0,0,0
37129,2840,beetle control near me,10,UNKNOWN,0,0,0,0
37129,2840,best mosquito exterminator near me,10,HIGH,76,0,0,0
37129,2840,biological control of termites,10,UNKNOWN,0,0,0,0
37129,2840,bird mite exterminators near me,10,HIGH,86,0,0,0
37129,2840,bt pesticide near me,10,HIGH,100,0,0,0
37129,2840,bumble bee control near me,10,MEDIUM,36,0,0,0
37129,2840,centipede removal near me,10,UNKNOWN,0,0,0,0
37129,2840,central exterminating near me,10,HIGH,71,0,0,0
37129,2840,cheap exterminator for mice near me,10,UNKNOWN,0,0,0,0
37129,2840,cicada killer wasp exterminator near me,10,HIGH,100,0,0,0
37129,2840,cockroach gel near me,10,HIGH,100,0,0,0
37129,2840,cockroach infestation near me,10,HIGH,74,0,0,0
37129,2840,covid fumigation services near me,10,UNKNOWN,0,0,0,0
37129,2840,dixon pest control near me,10,LOW,17,0,0,0
37129,2840,eco bed bug exterminator near me,10,UNKNOWN,0,0,0,0
37129,2840,eco bed bug exterminators near me,10,HIGH,86,0,0,0
37129,2840,ecosmart ant and roach killer near me,10,HIGH,100,0,0,0
37129,2840,exterminator prices for mice near me,10,UNKNOWN,0,0,0,0
37129,2840,fire ant removal near me,10,HIGH,86,0,0,0
37129,2840,fumigation services for covid near me,10,UNKNOWN,0,0,0,0
37129,2840,fumigation team near me,10,HIGH,81,0,0,0
37129,2840,gnat nix near me,10,UNKNOWN,0,0,0,0
37129,2840,gypsy moth control near me,10,UNKNOWN,0,0,0,0
37129,2840,honey bee exterminators near me,10,HIGH,100,0,0,0
37129,2840,house and home pest control,10,LOW,0,0,0,0
37129,2840,insect expert near me,10,UNKNOWN,0,0,0,0
37129,2840,invict gold cockroach gel near me,10,HIGH,100,0,0,0
37129,2840,lentrek termite,10,LOW,29,0,0,0
37129,2840,local rodent removal companies,10,HIGH,95,0,0,0
37129,2840,maxxthor ec near me,10,HIGH,89,0,0,0
37129,2840,molecatcher near me,10,UNKNOWN,0,0,0,0
37129,2840,mosquito elimination near me,10,UNKNOWN,0,0,0,0
37129,2840,mosquito eradicator near me,10,UNKNOWN,0,0,0,0
37129,2840,near me pest control services,10,HIGH,100,0,0,0
37129,2840,odorous ant control near me,10,UNKNOWN,0,0,0,0
37129,2840,pest control at home near me,10,UNKNOWN,0,0,0,0
37129,2840,pest control for foxes near me,10,HIGH,100,0,0,0
37129,2840,pest control near you,10,HIGH,100,0,0,0
37129,2840,pest control services for lizards near me,10,UNKNOWN,0,0,0,0
37129,2840,pest control services near by me,10,UNKNOWN,0,0,0,0
37129,2840,pest extermination service near me,10,HIGH,83,0,0,0
37129,2840,pest removal in my area,10,HIGH,100,0,0,0
37129,2840,pestpop near me,10,MEDIUM,57,0,0,0
37129,2840,premise termite price,10,UNKNOWN,0,0,0,0
37129,2840,professional flea removal near me,10,HIGH,100,0,0,0
37129,2840,repairing termite damaged walls,10,HIGH,71,0,0,0
37129,2840,reptile control services near me,10,HIGH,100,0,0,0
37129,2840,safe pest control companies near me,10,UNKNOWN,0,0,0,0
37129,2840,silverfish control near me,10,HIGH,71,0,0,0
37129,2840,sovereign pest control near me,10,LOW,16,0,0,0
37129,2840,spectracide termite stakes false positive,10,UNKNOWN,0,0,0,0
37129,2840,tata termite,10,UNKNOWN,0,0,0,0
37129,2840,termite companies around me,10,UNKNOWN,0,0,0,0
37129,2840,termite control normal,10,UNKNOWN,0,0,0,0
37129,2840,termite control termite inspection near me,10,UNKNOWN,0,0,0,0
37129,2840,termite control windsor,10,UNKNOWN,0,0,0,0
37129,2840,termite exterminator termite inspection near me,10,UNKNOWN,0,0,0,0
37129,2840,termite on wall treatment,10,HIGH,67,0,0,0
37129,2840,termite treatment normal,10,UNKNOWN,0,0,0,0
37129,2840,termite treatment termite inspection near me,10,UNKNOWN,0,0,0,0
37129,2840,terro wasp and hornet killer near me,10,HIGH,91,0,0,0
37129,2840,top rated pest control annandale,10,UNKNOWN,0,0,0,0
37129,2840,top ten pest control companies near me,10,HIGH,91,0,0,0
37129,2840,vikane fumigation near me,10,HIGH,86,0,0,0
37129,2840,wood infestation inspection near me,10,UNKNOWN,0,0,0,0
37129,2840,zevo bug killer near me,10,HIGH,100,0,0,0